step,time,ground_x,ground_y,ground_th,est_x,est_y,est_th
0,0.0027446746826171875,1.01,0.056,0.0,2.337580906420391,2.49985439856076,-2.3149779145126463
1,0.004781007766723633,1.01,0.0565,0.0,2.311772915194063,2.395294350484031,-2.3471170795389185
2,0.006855010986328125,1.01,0.057001,0.0,2.258933660546688,2.323453540781018,-2.3525321058643156
3,0.009304046630859375,1.01,0.057501,0.0,2.2019680314617416,2.3159466149848753,-2.3465668361398517
4,0.010895729064941406,1.01,0.058002,0.0,2.1686832367987017,2.3167770009241946,-2.348823940448486
5,0.01251077651977539,1.01,0.058502,0.0,2.1582382804260214,2.318469731632591,-2.343737408078013
6,0.014793634414672852,1.01,0.059003,0.0,2.1600020248262695,2.317978214390442,-2.3445830637408016
7,0.016361236572265625,1.01,0.059503,0.0,2.15431765281052,2.309124429158065,-2.3581309298713284
8,0.017907142639160156,1.01,0.060004,0.0,2.1509155989938415,2.313124152881196,-2.345449196239799
9,0.019420623779296875,1.01,0.060504,0.0,2.157696215899703,2.306799970178107,-2.353753243480059
10,0.020952463150024414,1.01,0.061005,0.0,2.177228773577168,2.2978002523415166,-2.344192353395835
11,0.022484540939331055,1.01,0.061505,0.0,2.1948379793431507,2.2972304377466113,-2.359067677485337
12,0.02401137351989746,1.01,0.062005,0.0,2.2089130611554797,2.296221929899032,-2.3553903879508344
13,0.025523662567138672,1.01,0.062506,0.0,2.202911502057993,2.2969946768763614,-2.349890786284372
14,0.027038097381591797,1.01,0.063006,0.0,2.2179916778947697,2.290240559363563,-2.345252513551896
15,0.028542518615722656,1.01,0.063507,0.0,2.2389476126839205,2.2818811388510745,-2.356488602725985
16,0.030057907104492188,1.01,0.064007,0.0,2.260870073411156,2.2697999832435216,-2.352290009099939
17,0.03155660629272461,1.01,0.064508,0.0,2.271561488761683,2.2633179874118454,-2.3589779465200067
18,0.03308916091918945,1.01,0.065008,0.0,2.291413948601559,2.257720002038944,-2.3607971493100948
19,0.03459787368774414,1.01,0.065509,0.0,2.284268495052513,2.259931245166584,-2.3584585399656643
20,0.03612661361694336,1.01,0.066009,0.0,2.284294239032576,2.2668011216876396,-2.3520868312515573
21,0.037657737731933594,1.01,0.06651,0.0,2.2894494357488,2.263171023932057,-2.3519612553642135
22,0.03916001319885254,1.01,0.06701,0.0,2.2886476313180366,2.263098260719273,-2.3589642797067274
23,0.040674448013305664,1.01,0.06751,0.0,2.3035226106258793,2.2513976555582986,-2.352586069493597
24,0.04218339920043945,1.01,0.068011,0.0,2.313921376035069,2.2464676601301843,-2.35160487383164
25,0.04370546340942383,1.01,0.068511,0.0,2.334022213995845,2.239674788093532,-2.3531366018222
26,0.045195817947387695,1.01,0.069012,0.0,2.3505532659269748,2.230260978321239,-2.35589834484358
27,0.04670000076293945,1.01,0.069512,0.0,2.3513395084971376,2.2275536967195224,-2.3607588334185325
28,0.04819655418395996,1.01,0.070013,0.0,2.367397521406245,2.2158719737614305,-2.3510097136542383
29,0.04970121383666992,1.01,0.070513,0.0,2.367175966448331,2.220767989548355,-2.3568470543477202
30,0.05119657516479492,1.01,0.071014,0.0,2.3674775850240173,2.2207162543122854,-2.370544564737067
31,0.052698612213134766,1.01,0.071514,0.0,2.3617811924265886,2.220693102784896,-2.358032239395372
32,0.05465841293334961,1.01,0.072015,0.0,2.3669411405068352,2.227310041620171,-2.3558596456123944
33,0.05675983428955078,1.01,0.072515,0.0,2.3742533124008185,2.2210623080854552,-2.353906253421515
34,0.05895209312438965,1.01,0.073015,0.0,2.3747882717065862,2.2115802714795754,-2.3571522526540205
35,0.06084585189819336,1.01,0.073516,0.0,2.3750997351669993,2.218382841222661,-2.3589279758410218
36,0.06259632110595703,1.01,0.074016,0.0,2.3803209014863476,2.2141087089978773,-2.361417368987418
37,0.06456828117370605,1.01,0.074517,0.0,2.3849276921404448,2.21288218281148,-2.355807803437568
38,0.06656336784362793,1.01,0.075017,0.0,2.3945744625314953,2.2120616905643566,-2.349211581934321
39,0.06884145736694336,1.01,0.075518,0.0,2.396177717479818,2.2065667809074316,-2.362879186981182
40,0.07036471366882324,1.01,0.076018,0.0,2.396662481587149,2.198457896449544,-2.357006923126437
41,0.07187747955322266,1.01,0.076519,0.0,2.3973856274538714,2.1882170097483287,-2.347387933264374
42,0.07338619232177734,1.01,0.077019,0.0,2.390232528071583,2.1994678483798995,-2.3543502250749686
43,0.0749044418334961,1.01,0.07752,0.0,2.3824819033978746,2.1947936069288834,-2.362741619119133
44,0.07639932632446289,1.01,0.07802,0.0,2.3725887198326365,2.1913859835543748,-2.351120550689522
45,0.07790279388427734,1.01,0.07852,0.0,2.3827630785781184,2.1890236533634435,-2.351467784732861
46,0.07939791679382324,1.01,0.079021,0.0,2.3879720394125705,2.1923341830724756,-2.347964144326894
47,0.0809030532836914,1.01,0.079521,0.0,2.396624873759995,2.1872033300249805,-2.3579897325623635
48,0.0823974609375,1.01,0.080022,0.0,2.400388249273266,2.1797976988670937,-2.3589943865277623
49,0.08389425277709961,1.01,0.080522,0.0,2.391443883776818,2.180443929359611,-2.3480633208554096
50,0.08537435531616211,1.01,0.081023,0.0,2.3902803548634632,2.1835320809125363,-2.365289222485127
51,0.08693718910217285,1.01,0.081523,0.0,2.3802372397834604,2.192710315633279,-2.3561090863397802
52,0.08844566345214844,1.01,0.082024,0.0,2.3775179701888227,2.188259792688785,-2.359956974248617
53,0.08994412422180176,1.01,0.082524,0.0,2.377488674211917,2.183856420836635,-2.3665837664330547
54,0.09142947196960449,1.01,0.083025,0.0,2.3776697657631236,2.1886310461545113,-2.372258654126097
55,0.09292411804199219,1.0101,0.083525,0.0,2.3882538692179134,2.1823915386411015,-2.3566027683771815
56,0.09441304206848145,1.0101,0.084026,0.0,2.3793772577620556,2.1748284879102426,-2.360318614666358
57,0.09590816497802734,1.0101,0.084526,0.0,2.380188035825243,2.1755605327303345,-2.3496748708831094
58,0.09739422798156738,1.0101,0.085026,0.0,2.392495062930491,2.177381906349097,-2.3523836280071455
59,0.09891009330749512,1.0101,0.085527,0.0,2.393397578017686,2.178426596192297,-2.359135510096843
60,0.10040044784545898,1.0101,0.086027,0.0,2.394359569927375,2.186207805684383,-2.350603655077062
61,0.10189318656921387,1.0101,0.086528,0.0,2.408882892942837,2.1843837547410896,-2.3569587607106026
62,0.1033792495727539,1.0101,0.087028,0.0,2.406932083993024,2.1877512228156957,-2.3619920091776385
63,0.10489773750305176,1.0101,0.087529,0.0,2.409551390425307,2.188585449015135,-2.3625386187210897
64,0.10640358924865723,1.0101,0.088029,0.0,2.413495000053262,2.1804100092214216,-2.3451279577447126
65,0.1079256534576416,1.0101,0.08853,0.0,2.408638044408654,2.1828120200472427,-2.3572843739402916
66,0.10942292213439941,1.0101,0.08903,0.0,2.4035025618519166,2.180108765969984,-2.365407478226309
67,0.11093544960021973,1.0101,0.089531,0.0,2.4000254143890833,2.1805767445030555,-2.366980460711322
68,0.11242532730102539,1.0101,0.090031,0.0,2.4025838660330856,2.1784219127117495,-2.357375582706034
69,0.11427736282348633,1.0101,0.090531,0.0,2.3969376290145035,2.178035406824451,-2.3552778325738117
70,0.11689448356628418,1.0101,0.091032,0.0,2.3856910152041984,2.173495424845705,-2.359854649422678
71,0.12016105651855469,1.0101,0.091532,0.0,2.3735250127366325,2.179465067431832,-2.3610571505917366
72,0.12406110763549805,1.0101,0.092033,0.0,2.3712344006763226,2.179300747519293,-2.369298803047728
73,0.12650561332702637,1.0101,0.092533,0.0,2.3861965680044124,2.184425523823516,-2.3578754510988307
74,0.12909889221191406,1.0101,0.093034,0.0,2.395727738406737,2.1814967449640257,-2.3518727331763083
75,0.1315164566040039,1.0101,0.093534,0.0,2.400947555504765,2.1846469000604545,-2.352523552084915
76,0.1343061923980713,1.0101,0.094035,0.0,2.392495555423511,2.193477168337798,-2.3408182470583054
77,0.1367337703704834,1.0101,0.094535,0.0,2.3930828043505623,2.189794491663554,-2.3481428639139676
78,0.139113187789917,1.0101,0.095036,0.0,2.3934026177919994,2.1989671114192686,-2.356127863342303
79,0.1416335105895996,1.0101,0.095536,0.0,2.3884940871028584,2.2034118394023587,-2.3506664927510497
80,0.1433730125427246,1.0101,0.096036,0.0,2.394623024603907,2.197666580623643,-2.360535290882368
81,0.1449441909790039,1.0101,0.096537,0.0,2.3943190318168246,2.202961109439936,-2.360979652624709
82,0.1464672088623047,1.0101,0.097037,0.0,2.3931403077409645,2.198822783857451,-2.3668739373297667
83,0.14798521995544434,1.0101,0.097538,0.0,2.3868403036262773,2.1997737013681817,-2.375196320757875
84,0.1494755744934082,1.0101,0.098038,0.0,2.3855333762211828,2.20166472645614,-2.3639728493712395
85,0.1509866714477539,1.0101,0.098539,0.0,2.3868643553616646,2.203989902893259,-2.34607403795853
86,0.15247249603271484,1.0101,0.099039,0.0,2.3901899039355654,2.207289387954872,-2.3524679226552396
87,0.15398001670837402,1.0101,0.09954,0.0,2.390156735549383,2.1999297002764897,-2.3458654407390243
88,0.15546965599060059,1.0101,0.10004,0.0,2.3912762343969662,2.19675777737447,-2.355632197013258
89,0.15696263313293457,1.0101,0.10054,0.0,2.38684495765194,2.200184278881542,-2.3603464325661303
90,0.15845084190368652,1.0101,0.10104,0.0,2.384499896791591,2.198473734112586,-2.3557724553183297
91,0.15999984741210938,1.0101,0.10154,0.0,2.383924269788241,2.1974488713485116,-2.3658374594347475
92,0.1614978313446045,1.0101,0.10204,0.0,2.388373404530924,2.1955792901355524,-2.3695237952311023
93,0.16303253173828125,1.0101,0.10254,0.0,2.393984759590645,2.193783168763411,-2.3591422865637504
94,0.16452479362487793,1.0101,0.10304,0.0,2.400163069806413,2.198579652475206,-2.3568015824757276
95,0.16602778434753418,1.0101,0.10354,0.0,2.404208923214979,2.1951429704239396,-2.362830925994044
96,0.16751432418823242,1.0101,0.10404,0.0,2.406516404300653,2.200258686505461,-2.3665545354243376
97,0.1690363883972168,1.0101,0.10454,0.0,2.4093973375895463,2.2007588202376978,-2.358115416830658
98,0.17052507400512695,1.0101,0.10504,0.0,2.4193648445296767,2.202424434673628,-2.349116856601246
99,0.1720266342163086,1.0101,0.10555,0.0,2.415812716550562,2.1957423255654405,-2.3522881688337742
100,0.1738889217376709,1.0101,0.10605,0.0,2.413383786318124,2.199369057332165,-2.3493989756120066
101,0.17577242851257324,1.0101,0.10655,0.0,2.4041574716101803,2.1929359852162724,-2.361317042791748
102,0.17746448516845703,1.0101,0.10705,0.0,2.4048340077374277,2.194173688967408,-2.359920208826684
103,0.1792738437652588,1.0101,0.10755,0.0,2.4049600872490378,2.1917967142458554,-2.360120305403645
104,0.18135452270507812,1.0101,0.10805,0.0,2.4221521909133132,2.1977681290191398,-2.3416099666949814
105,0.18289828300476074,1.0101,0.10855,0.0,2.4025914247692928,2.19477967975676,-2.3563535454799687
106,0.18440747261047363,1.0101,0.10905,0.0,2.395243967723282,2.1992918848278125,-2.3626755849013565
107,0.18592476844787598,1.0101,0.10955,0.0,2.3957397017691653,2.199048270589814,-2.354071378902318
108,0.18741631507873535,1.0101,0.11005,0.0,2.388576369139937,2.202381139104764,-2.3633549437985395
109,0.18891620635986328,1.0101,0.11055,0.0,2.3914740948186,2.204174982074626,-2.3602985417161118
110,0.19040679931640625,1.0101,0.11105,0.0,2.390233682569641,2.1979781392997966,-2.3541648665629022
111,0.19190573692321777,1.0101,0.11155,0.0,2.383112155006323,2.1954160124368225,-2.354727873218453
112,0.19339585304260254,1.0101,0.11205,0.0,2.376006485469264,2.199248181674827,-2.355018141037621
113,0.19515562057495117,1.0101,0.11255,0.0,2.385295856402008,2.2080600672098445,-2.3502869676799745
114,0.19753026962280273,1.0101,0.11305,0.0,2.3951728012884974,2.202544692799732,-2.3384137182973217
115,0.2000727653503418,1.0101,0.11355,0.0,2.392315902070198,2.1977761000590634,-2.352982240045306
116,0.20250320434570312,1.0101,0.11405,0.0,2.3974692363013,2.198005830686446,-2.354989607048801
117,0.2049565315246582,1.0101,0.11455,0.0,2.3930975832645096,2.198467037317227,-2.3616003706781483
118,0.2067265510559082,1.0101,0.11505,0.0,2.389536462851194,2.1961895896614356,-2.35771641334295
119,0.20826411247253418,1.0101,0.11555,0.0,2.385530581171041,2.205804102162959,-2.3666732057764888
120,0.20984578132629395,1.0101,0.11605,0.0,2.388569416001327,2.204372796193689,-2.353610690184115
121,0.21137285232543945,1.0101,0.11656,0.0,2.4018722484711037,2.206713736286422,-2.3512378360158572
122,0.21291399002075195,1.0101,0.11706,0.0,2.40412819828573,2.2096520658280627,-2.3602596794949164
123,0.21443676948547363,1.0101,0.11756,0.0,2.4030433931290633,2.2057981476000577,-2.3576533679577727
124,0.21597981452941895,1.0101,0.11806,0.0,2.405272843320887,2.202639681151513,-2.3625242713963637
125,0.21747899055480957,1.0101,0.11856,0.0,2.401243569854023,2.2015829631601664,-2.3649811324247367
126,0.21898293495178223,1.0101,0.11906,0.0,2.399433849034587,2.2060352005570993,-2.358884782347611
127,0.2204742431640625,1.0101,0.11956,0.0,2.4035985777357274,2.2031460823328985,-2.363834262958874
128,0.22198891639709473,1.0101,0.12006,0.0,2.4063752340346647,2.2016445848797646,-2.360231867883096
129,0.2234807014465332,1.0101,0.12056,0.0,2.4074893291110415,2.202671848698676,-2.346457222310411
130,0.22499847412109375,1.0101,0.12106,0.0,2.4042021329219807,2.2071572232022025,-2.3500193401789917
131,0.22648382186889648,1.0101,0.12156,0.0,2.3977907492800297,2.2031287286463828,-2.348020923233548
132,0.22809076309204102,1.0101,0.12206,0.0,2.396565703576182,2.2034262385929795,-2.3668817252807823
133,0.23000407218933105,1.0101,0.12256,0.0,2.3896035832528293,2.2029855991276714,-2.3580241980034633
134,0.2316882610321045,1.0101,0.12306,0.0,2.3927029913024183,2.1999334501246097,-2.3555024131281264
135,0.23320245742797852,1.0101,0.12356,0.0,2.392303338282299,2.198693007728844,-2.3660075487484002
136,0.23471474647521973,1.0101,0.12406,0.0,2.4065227735266737,2.1966546893331076,-2.363785783128896
137,0.23621129989624023,1.0101,0.12456,0.0,2.410943262782773,2.198806708793121,-2.3607913764521378
138,0.23778724670410156,1.0101,0.12506,0.0,2.410124060309839,2.1979696017525256,-2.3639023132141737
139,0.23929858207702637,1.0101,0.12556,0.0,2.4081495093555296,2.2027501211099847,-2.3488756773496178
140,0.2408275604248047,1.0101,0.12606,0.0,2.4053284861617548,2.2009338329794352,-2.3546767296883235
141,0.24233698844909668,1.0101,0.12656,0.0,2.3971514426132265,2.1932761852094242,-2.3557886694478123
142,0.24445605278015137,1.0101,0.12706,0.0,2.3980728211228897,2.1883448284426934,-2.351329395513323
143,0.24624204635620117,1.0101,0.12757,0.0,2.392785650290494,2.185365347524261,-2.351255420119678
144,0.2488095760345459,1.0101,0.12807,0.0,2.396767329145877,2.1851720933323233,-2.357636911572275
145,0.2509043216705322,1.0101,0.12857,0.0,2.405697985038509,2.184044888227477,-2.359488394806629
146,0.2532167434692383,1.0101,0.12907,0.0,2.400695276449553,2.187061079724861,-2.3430711228029417
147,0.25478029251098633,1.0101,0.12957,0.0,2.408878984047201,2.1909286873522102,-2.3599498374319583
148,0.256458044052124,1.0101,0.13007,0.0,2.4089945295101174,2.188462942569754,-2.3623097088710745
149,0.25804734230041504,1.0101,0.13057,0.0,2.4033035660590496,2.18482369338975,-2.359830967216741
150,0.2595551013946533,1.0101,0.13107,0.0,2.4035983753055654,2.1856863928273853,-2.3618518989385646
151,0.26107048988342285,1.0101,0.13157,0.0,2.393307984378561,2.185420347743631,-2.3641816094170527
152,0.2625739574432373,1.0101,0.13207,0.0,2.3897955149360532,2.1856169442000843,-2.362826570889568
153,0.2640869617462158,1.0101,0.13257,0.0,2.395040716021083,2.1906821329942447,-2.357989219627822
154,0.265580415725708,1.0101,0.13307,0.0,2.3972224093111514,2.188845239027281,-2.366517799118386
155,0.2670903205871582,1.0101,0.13357,0.0,2.400136050809892,2.1875096420615985,-2.35963339327541
156,0.26857709884643555,1.0101,0.13407,0.0,2.389129645197101,2.1922737733360353,-2.3699365914658377
157,0.27008843421936035,1.0101,0.13457,0.0,2.3911313957593356,2.1955499671589327,-2.3763934065053443
158,0.2715761661529541,1.0101,0.13507,0.0,2.3845160951312194,2.188203938077796,-2.3562194029610297
159,0.2731001377105713,1.0101,0.13557,0.0,2.3772692623457523,2.1925377472615324,-2.3656374305754433
160,0.2746012210845947,1.0101,0.13607,0.0,2.3730167640415005,2.1870487460974,-2.3659956862893896
161,0.2761051654815674,1.0101,0.13657,0.0,2.3802955530764205,2.18710900813265,-2.3638509560763796
162,0.2776057720184326,1.0101,0.13707,0.0,2.3785781902171426,2.1808762147420357,-2.359682296095781
163,0.2791163921356201,1.0101,0.13757,0.0,2.378796782515928,2.184394167734018,-2.3585054974175255
164,0.2807283401489258,1.0101,0.13807,0.0,2.3681289642883403,2.1795082721417027,-2.369229251209263
165,0.28265929222106934,1.0102,0.13858,0.0,2.3605133208030398,2.184073018576021,-2.356703634200675
166,0.2843208312988281,1.0102,0.13908,0.0,2.361830755744966,2.181142508647347,-2.3534167940301574
167,0.28584790229797363,1.0102,0.13958,0.0,2.3615878569076374,2.17492971687866,-2.3593007602542237
168,0.28737378120422363,1.0102,0.14008,0.0,2.3745104907201773,2.175906189158334,-2.3540531476523463
169,0.2888920307159424,1.0102,0.14058,0.0,2.370257008737558,2.170234631101516,-2.3529102846017818
170,0.2903907299041748,1.0102,0.14108,0.0,2.3595989718359323,2.176099016170234,-2.35642938006311
171,0.29191064834594727,1.0102,0.14158,0.0,2.3503376238479334,2.175405134415543,-2.3520661428518346
172,0.29410815238952637,1.0102,0.14208,0.0,2.3608368191493567,2.180799735692877,-2.3541901656951585
173,0.29649853706359863,1.0102,0.14258,0.0,2.3709759892753572,2.1799526276912147,-2.353536682142526
174,0.2988739013671875,1.0102,0.14308,0.0,2.3687152805347056,2.183807116117185,-2.358399263726952
175,0.30129384994506836,1.0102,0.14358,0.0,2.364345907164532,2.17874349511829,-2.3559952570578178
176,0.30374717712402344,1.0102,0.14408,0.0,2.3653589869523923,2.1777212717742374,-2.346284984132156
177,0.30611443519592285,1.0102,0.14458,0.0,2.347910298031305,2.173116892880743,-2.353866994858872
178,0.30852246284484863,1.0102,0.14508,0.0,2.3562435620663433,2.173719880551085,-2.357501178346546
179,0.31098484992980957,1.0102,0.14558,0.0,2.3569793974998086,2.170054449938072,-2.3662971047268853
180,0.3134140968322754,1.0102,0.14608,0.0,2.356290519720858,2.177115605417423,-2.362648916166356
181,0.3158600330352783,1.0102,0.14658,0.0,2.3554730807433932,2.1862680490539153,-2.362920062988749
182,0.3182559013366699,1.0102,0.14708,0.0,2.363895278328868,2.17831762805717,-2.361945385175251
183,0.320723295211792,1.0102,0.14758,0.0,2.365568036229636,2.1797018016729095,-2.3508624209109894
184,0.32325100898742676,1.0102,0.14808,0.0,2.380294966523626,2.1809948337604865,-2.358093410788542
185,0.32570958137512207,1.0102,0.14858,0.0,2.3862042281430584,2.18720987780807,-2.34849910949642
186,0.3280909061431885,1.0102,0.14908,0.0,2.3853680701034063,2.1872509730462806,-2.3491633923219672
187,0.33048105239868164,1.0102,0.14959,0.0,2.3777831205909976,2.186292992280501,-2.3627691991328956
188,0.332918643951416,1.0102,0.15009,0.0,2.375741138291907,2.192972662304266,-2.354435444602581
189,0.33591198921203613,1.0102,0.15059,0.0,2.360423775949915,2.1916097191078716,-2.362552924364314
190,0.33890366554260254,1.0102,0.15109,0.0,2.346922352875639,2.194720645833437,-2.3686011656104777
191,0.34187936782836914,1.0102,0.15159,0.0,2.3522433610154043,2.1967987860178786,-2.3581693484001214
192,0.3443112373352051,1.0102,0.15209,0.0,2.351932057919459,2.19843675142831,-2.3610822395761195
193,0.34611058235168457,1.0102,0.15259,0.0,2.358169500493784,2.197387464553328,-2.3509800244976717
194,0.3476564884185791,1.0102,0.15309,0.0,2.364837568546445,2.1909721152970234,-2.352483487756322
195,0.3491940498352051,1.0102,0.15359,0.0,2.353967009571344,2.182070061419012,-2.3520634652108274
196,0.3507070541381836,1.0102,0.15409,0.0,2.3536545009015826,2.174808471971959,-2.3550378166174544
197,0.35220813751220703,1.0102,0.15459,0.0,2.355332261682624,2.1790313829984798,-2.3462026251234955
198,0.3537161350250244,1.0102,0.15509,0.0,2.3505963450710627,2.176229984275928,-2.368317177466638
199,0.3552083969116211,1.0102,0.15559,0.0,2.360098507832487,2.172920896058764,-2.356122609596363
200,0.35714030265808105,1.0102,0.15609,0.0,2.358875674371472,2.1784713953187116,-2.3555933534488536
201,0.35889482498168945,1.0102,0.15659,0.0,2.3598229795375345,2.1784370189882187,-2.3534237930506205
202,0.36053991317749023,1.0102,0.15709,0.0,2.3651964779727446,2.1769843862660974,-2.3427870721671162
203,0.36231088638305664,1.0102,0.15759,0.0,2.368500539590868,2.1783373879623698,-2.3562105194258827
204,0.3645815849304199,1.0102,0.15809,0.0,2.368727391172946,2.1794945751986425,-2.365468473925552
205,0.3661525249481201,1.0102,0.15859,0.0,2.3739511534536533,2.1860012450203383,-2.3568586359519266
206,0.3676776885986328,1.0102,0.15909,0.0,2.369975744824232,2.1866570680521966,-2.353556286421615
207,0.36919093132019043,1.0102,0.15959,0.0,2.3724382589123563,2.1890684672840224,-2.3415403914161557
208,0.37073850631713867,1.0102,0.16009,0.0,2.367646215019314,2.1909382125528603,-2.3458700407546265
209,0.37226390838623047,1.0102,0.1606,0.0,2.3716847916572803,2.196218256140256,-2.3615677915789015
210,0.3737962245941162,1.0102,0.1611,0.0,2.3760797126320083,2.197367337081239,-2.3586914448639984
211,0.3754432201385498,1.0102,0.1616,0.0,2.3672700576907184,2.1967823177050714,-2.3505927561319404
212,0.37779831886291504,1.0102,0.1621,0.0,2.3659598439366407,2.200724448168045,-2.3524071311419
213,0.3793907165527344,1.0102,0.1626,0.0,2.371683410912736,2.2001976109178307,-2.341946585254531
214,0.38091588020324707,1.0102,0.1631,0.0,2.3653175593099074,2.198098674689709,-2.350166060999836
215,0.3824126720428467,1.0102,0.1636,0.0,2.3627305814198287,2.2072522113515194,-2.3567004265926044
216,0.38402247428894043,1.0102,0.1641,0.0,2.351016125995367,2.2026719327774553,-2.3533852807317364
217,0.38593292236328125,1.0102,0.1646,0.0,2.3439351584486254,2.2060968746089546,-2.3462181712788364
218,0.387606143951416,1.0102,0.1651,0.0,2.3407819206928884,2.204256572465112,-2.350494813541579
219,0.3891451358795166,1.0102,0.1656,0.0,2.347611717433437,2.2018515930776004,-2.3484954775008906
220,0.39066481590270996,1.0102,0.1661,0.0,2.346121402872348,2.204959095071392,-2.345120592964303
221,0.392162561416626,1.0102,0.1666,0.0,2.352433002648065,2.2066385143728047,-2.3433345443167477
222,0.3936758041381836,1.0102,0.1671,0.0,2.3570938846760203,2.213020987458269,-2.343993499658096
223,0.39518284797668457,1.0102,0.1676,0.0,2.352140431260512,2.2119609382620395,-2.3465997681836477
224,0.3966946601867676,1.0102,0.1681,0.0,2.3446263119597273,2.214011212099142,-2.3381506122441382
225,0.39818787574768066,1.0102,0.1686,0.0,2.3578949535615275,2.2108831991358597,-2.344902597974028
226,0.39969706535339355,1.0102,0.1691,0.0,2.356357366520439,2.213522810387437,-2.3462898646565415
227,0.4011871814727783,1.0102,0.1696,0.0,2.3573732979113844,2.2164222989825677,-2.3385107031264605
228,0.4026968479156494,1.0102,0.1701,0.0,2.352421620248062,2.2098538427153973,-2.3510450785595634
229,0.4041926860809326,1.0102,0.1706,0.0,2.351088883428712,2.213485972224103,-2.3439580519766747
230,0.4057326316833496,1.0102,0.1711,0.0,2.3511407081999174,2.213205455828204,-2.3382611652752803
231,0.4072709083557129,1.0102,0.17161,0.0,2.3414133234037435,2.211251624763143,-2.348049208293806
232,0.4087865352630615,1.0102,0.17211,0.0,2.341732249347981,2.2273620312287163,-2.3492343405501623
233,0.41028404235839844,1.0102,0.17261,0.0,2.341085864261243,2.242197756303772,-2.3429278630353285
234,0.4118170738220215,1.0102,0.17311,0.0,2.3522081925114158,2.2288263701745086,-2.3286500098298437
235,0.41333723068237305,1.0102,0.17361,0.0,2.363642909526961,2.232324220282304,-2.3407703648346354
236,0.41484761238098145,1.0102,0.17411,0.0,2.355806921534656,2.2467775531797747,-2.3471390563058323
237,0.4163382053375244,1.0102,0.17461,0.0,2.351731121916632,2.2460090328360307,-2.3408699956260657
238,0.4186100959777832,1.0102,0.17511,0.0,2.3532846741543914,2.238899653637424,-2.3399430234402994
239,0.42058444023132324,1.0102,0.17561,0.0,2.3434129541810504,2.2458938724545363,-2.345059323220813
240,0.4225618839263916,1.0102,0.17611,0.0,2.341388713365826,2.2456720354655,-2.341645014270622
241,0.4241185188293457,1.0102,0.17661,0.0,2.3475015975456675,2.2403827548375066,-2.361909376211368
242,0.42561960220336914,1.0102,0.17711,0.0,2.3454483861559536,2.2356717942885758,-2.359080533996109
243,0.4271507263183594,1.0102,0.17761,0.0,2.3479657636151363,2.223041671611284,-2.34588237407542
244,0.4286642074584961,1.0102,0.17811,0.0,2.3493939433684714,2.2179845894794252,-2.343220487782099
245,0.4301590919494629,1.0102,0.17861,0.0,2.351483457726939,2.223196055416191,-2.3499339371540455
246,0.4316697120666504,1.0102,0.17911,0.0,2.356422366081531,2.227627777874887,-2.3489958535829745
247,0.43316149711608887,1.0102,0.17961,0.0,2.3495847971831583,2.225517143894321,-2.359434219675293
248,0.4346640110015869,1.0102,0.18011,0.0,2.352171169932661,2.2163140989881107,-2.361904923870619
249,0.4361550807952881,1.0102,0.18061,0.0,2.3546972786796903,2.217116106181781,-2.3673439759554316
250,0.43798303604125977,1.0102,0.18111,0.0,2.3522062123721796,2.215146712744807,-2.3520876617853115
251,0.43984317779541016,1.0102,0.18161,0.0,2.3519422199441196,2.2138066238407657,-2.346562608876027
252,0.4414029121398926,1.0102,0.18211,0.0,2.357367193640135,2.223057596724092,-2.3320409686507104
253,0.44292163848876953,1.0102,0.18262,0.0,2.3517109294939806,2.2196881436179,-2.3382951958191738
254,0.4445664882659912,1.0102,0.18312,0.0,2.360869819027085,2.222430663690395,-2.350914995851976
255,0.44609570503234863,1.0102,0.18362,0.0,2.3688101847651692,2.2155973931819153,-2.3474489554619344
256,0.44759154319763184,1.0102,0.18412,0.0,2.3630744955930365,2.2177795010174,-2.347648110575677
257,0.4491124153137207,1.0102,0.18462,0.0,2.3554552648140206,2.212633975269304,-2.3493282922076837
258,0.45061326026916504,1.0102,0.18512,0.0,2.3669635176132853,2.2153709559700636,-2.3427151249518494
259,0.4521207809448242,1.0102,0.18562,0.0,2.3648489943800173,2.218560388284852,-2.3489372013748637
260,0.4536166191101074,1.0102,0.18612,0.0,2.3777192163249476,2.224586283118444,-2.3381996304951618
261,0.4551210403442383,1.0102,0.18662,0.0,2.3822542485892275,2.21531312166261,-2.3459994665036925
262,0.45660924911499023,1.0102,0.18712,0.0,2.379664126505333,2.2108819619658653,-2.3385451252147873
263,0.4581587314605713,1.0102,0.18762,0.0,2.3777100950602446,2.2080068078061847,-2.3475991376979937
264,0.45970726013183594,1.0102,0.18812,0.0,2.386579128675713,2.2020396351173064,-2.3372104899522137
265,0.4612112045288086,1.0102,0.18862,0.0,2.3800621841427883,2.2035598744287688,-2.3407931081102222
266,0.46271491050720215,1.0102,0.18912,0.0,2.3675090417736038,2.1997329322308814,-2.339076499040336
267,0.46420788764953613,1.0102,0.18962,0.0,2.3651782080333565,2.19745711706288,-2.3357205684804327
268,0.466353178024292,1.0102,0.19012,0.0,2.363677813157703,2.2037590092112347,-2.331483277188883
269,0.468597412109375,1.0102,0.19062,0.0,2.3466714151549835,2.2084399283460305,-2.3378454093355447
270,0.4702014923095703,1.0102,0.19112,0.0,2.336960465840063,2.21336646400642,-2.344331506683396
271,0.4717233180999756,1.0102,0.19162,0.0,2.337590832406398,2.2167756176466376,-2.3342411198471953
272,0.47323179244995117,1.0102,0.19212,0.0,2.327940967081406,2.219148607511334,-2.3343670036275403
273,0.47475409507751465,1.0102,0.19262,0.0,2.3258263178461815,2.2236612613853133,-2.3268508350908106
274,0.4762740135192871,1.0102,0.19312,0.0,2.3216457563459088,2.2195687479189243,-2.3309272457111594
275,0.4777815341949463,1.0103,0.19363,0.0,2.3249137676844343,2.2166151957323215,-2.3356178200753446
276,0.4792904853820801,1.0103,0.19413,0.0,2.3360500239710182,2.211068868815658,-2.338868503590263
277,0.48081064224243164,1.0103,0.19463,0.0,2.3297720044636057,2.2021716762379877,-2.346693120042016
278,0.4823007583618164,1.0103,0.19513,0.0,2.3252640043717068,2.1981662970301983,-2.350254876651364
279,0.48380494117736816,1.0103,0.19563,0.0,2.3402680879419395,2.193948382222371,-2.3564570619941754
280,0.4852924346923828,1.0103,0.19613,0.0,2.3431089964668703,2.1901521933073376,-2.3367067903312937
281,0.4867987632751465,1.0103,0.19663,0.0,2.350982106598245,2.188141413217451,-2.3353687681438293
282,0.48828840255737305,1.0103,0.19713,0.0,2.343852333008811,2.180751432641738,-2.347695154722436
283,0.48978734016418457,1.0103,0.19763,0.0,2.3466848585122095,2.172789473175414,-2.348742229967686
284,0.4913756847381592,1.0103,0.19813,0.0,2.3463118248036663,2.1765998894177376,-2.3418691650921533
285,0.4933135509490967,1.0103,0.19863,0.0,2.344455240941219,2.1748253586828468,-2.3475662909780004
286,0.4950416088104248,1.0103,0.19913,0.0,2.33880268631456,2.1665017281328094,-2.341725368527402
287,0.49655842781066895,1.0103,0.19963,0.0,2.3297074033854637,2.16071669566439,-2.3465440188410227
288,0.49807286262512207,1.0103,0.20013,0.0,2.3273909730724975,2.156280992434446,-2.353557172116902
289,0.4995861053466797,1.0103,0.20063,0.0,2.3355139492283463,2.1574929819421937,-2.348910031768791
290,0.5010957717895508,1.0103,0.20113,0.0,2.332883402985782,2.1568003204887862,-2.3578688735429054
291,0.5026805400848389,1.0103,0.20163,0.0,2.332734191308076,2.1555167062132154,-2.347669800191174
292,0.5041937828063965,1.0103,0.20213,0.0,2.329644021494317,2.1528127542817086,-2.3483347554222953
293,0.5057156085968018,1.0103,0.20263,0.0,2.330247933180004,2.144044510552877,-2.356346189682176
294,0.5072648525238037,1.0103,0.20313,0.0,2.332190930494892,2.138270203304758,-2.3561670046771486
295,0.5090658664703369,1.0103,0.20363,0.0,2.3216549033926612,2.1360616474622978,-2.3514588081266297
296,0.5105993747711182,1.0103,0.20413,0.0,2.3288897661236616,2.1406011094776196,-2.352949218802342
297,0.5121290683746338,1.0103,0.20464,0.0,2.317876739941592,2.1409588474517034,-2.3634992963965047
298,0.5136361122131348,1.0103,0.20514,0.0,2.329376177463719,2.1433210021274847,-2.3564911737004675
299,0.5151526927947998,1.0103,0.20564,0.0,2.3207360303600044,2.144905253690077,-2.3615770293332745
300,0.5171067714691162,1.0103,0.20614,0.0,2.3148486736066296,2.1434932436954917,-2.357296037582948
301,0.5188930034637451,1.0103,0.20664,0.0,2.3258799913175805,2.1432060117856233,-2.354261961464253
302,0.5205469131469727,1.0103,0.20714,0.0,2.3391921311575286,2.1419137617793957,-2.3404162849917545
303,0.5222866535186768,1.0103,0.20764,0.0,2.3427567260813924,2.1413952598672705,-2.3482060435770498
304,0.5245249271392822,1.0103,0.20814,0.0,2.345170611856475,2.1405960115165956,-2.351671450480702
305,0.5261287689208984,1.0103,0.20864,0.0,2.3466880674428885,2.143855034511513,-2.3549888085434296
306,0.5276689529418945,1.0103,0.20914,0.0,2.342492629652638,2.1423900202129142,-2.3572223307858122
307,0.5291907787322998,1.0103,0.20964,0.0,2.3332686060966426,2.140749711683727,-2.3418095846384817
308,0.5307028293609619,1.0103,0.21014,0.0,2.333293774158463,2.1401578550165263,-2.3388267198452906
309,0.5321998596191406,1.0103,0.21064,0.0,2.3308617251536465,2.138470279049351,-2.353441350470752
310,0.5337159633636475,1.0103,0.21114,0.0,2.3292411018573507,2.1412676699895123,-2.3591978246976955
311,0.535210371017456,1.0103,0.21164,0.0,2.3310619185185915,2.141748300502712,-2.3511632195555965
312,0.5367136001586914,1.0103,0.21214,0.0,2.3254888541359233,2.1400941447885296,-2.342602475122902
313,0.5382068157196045,1.0103,0.21264,0.0,2.326169784960335,2.136481463656359,-2.3542910315709045
314,0.5397086143493652,1.0103,0.21314,0.0,2.3249279971648575,2.135744369341069,-2.3568952953675004
315,0.5412116050720215,1.0103,0.21364,0.0,2.325826769152407,2.1375976620884702,-2.350292408817209
316,0.5427534580230713,1.0103,0.21414,0.0,2.3274962987238474,2.138292234004714,-2.351405385875078
317,0.5443487167358398,1.0103,0.21464,0.0,2.32518232549451,2.135661251721017,-2.3469589326890303
318,0.5462484359741211,1.0103,0.21514,0.0,2.322681722813971,2.1354802503096213,-2.3490299673869464
319,0.5479650497436523,1.0103,0.21565,0.0,2.3223693035567288,2.1361221448609657,-2.3488476484350462
320,0.5497262477874756,1.0103,0.21615,0.0,2.320373938208131,2.143204278948746,-2.358362667044185
321,0.551246166229248,1.0103,0.21665,0.0,2.3252501187719727,2.135749979003018,-2.3482084275517234
322,0.5527534484863281,1.0103,0.21715,0.0,2.322997185487504,2.1430853115922877,-2.3514664742865046
323,0.5542612075805664,1.0103,0.21765,0.0,2.3353268841708905,2.143002270696907,-2.3556222365746162
324,0.5557687282562256,1.0103,0.21815,0.0,2.332646390531713,2.145643063048141,-2.362039209340054
325,0.5572605133056641,1.0103,0.21865,0.0,2.342513440566038,2.141142022002069,-2.352518732777091
326,0.5587701797485352,1.0103,0.21915,0.0,2.3471514493184653,2.139259139774956,-2.342521838068882
327,0.5602664947509766,1.0103,0.21965,0.0,2.3423159680869707,2.14394829072832,-2.3446899151879173
328,0.5617692470550537,1.0103,0.22015,0.0,2.3492163674916595,2.139578250578534,-2.3486035271095878
329,0.5632646083831787,1.0103,0.22065,0.0,2.3536568030109817,2.136115088694998,-2.3403261794905523
330,0.5647683143615723,1.0103,0.22115,0.0,2.355291227923411,2.137927782525811,-2.3473873357766033
331,0.5662765502929688,1.0103,0.22165,0.0,2.3508370417579316,2.1429389735104936,-2.350195752374939
332,0.5677917003631592,1.0103,0.22215,0.0,2.3542292071795816,2.1404504697410736,-2.3357033190130974
333,0.5692787170410156,1.0103,0.22265,0.0,2.3384579458961734,2.1332463048036194,-2.3528445890087513
334,0.5707802772521973,1.0103,0.22315,0.0,2.3359110908550673,2.1442337926707027,-2.348629935277659
335,0.5722711086273193,1.0103,0.22365,0.0,2.3402781061093263,2.1457841467923995,-2.346193995760078
336,0.5744166374206543,1.0103,0.22415,0.0,2.334641549298047,2.142727897987598,-2.349536946229311
337,0.5763862133026123,1.0103,0.22465,0.0,2.3443149896443587,2.1458423768052213,-2.350855463296345
338,0.5783214569091797,1.0103,0.22515,0.0,2.350628291340157,2.152992093759283,-2.355614077696399
339,0.5798525810241699,1.0103,0.22565,0.0,2.3420761832776753,2.1498456217938617,-2.357074468932881
340,0.58135986328125,1.0103,0.22615,0.0,2.344098528543636,2.142058132041318,-2.3547465145492423
341,0.5828826427459717,1.0103,0.22666,0.0,2.336819350882048,2.1365998852370853,-2.3590364807956226
342,0.584395170211792,1.0103,0.22716,0.0,2.3365263788126533,2.1322767243074856,-2.3656799771454207
343,0.5859057903289795,1.0103,0.22766,0.0,2.3411147638879943,2.134022543008648,-2.353748366846146
344,0.5876014232635498,1.0103,0.22816,0.0,2.337219258536594,2.131143394006201,-2.35925381729812
345,0.5900602340698242,1.0103,0.22866,0.0,2.3331411342351562,2.136344963307304,-2.3609231811199494
346,0.5925185680389404,1.0103,0.22916,0.0,2.3313298390970676,2.137449951167984,-2.34880645061559
347,0.5949649810791016,1.0103,0.22966,0.0,2.3290018718583503,2.1404873709279877,-2.3523723835710486
348,0.5974400043487549,1.0103,0.23016,0.0,2.3370187220528997,2.1320025134537355,-2.3481206614502046
349,0.5999002456665039,1.0103,0.23066,0.0,2.341266547886651,2.137685029596292,-2.3471223527313048
350,0.6029665470123291,1.0103,0.23116,0.0,2.3361692706386656,2.1379845698400826,-2.3586095325808847
351,0.6061601638793945,1.0103,0.23166,0.0,2.337830736633099,2.1390621578072526,-2.358898493291438
352,0.6094341278076172,1.0103,0.23216,0.0,2.3388549628064967,2.1478429937573407,-2.354516194442982
353,0.6123597621917725,1.0103,0.23266,0.0,2.3420070218190867,2.153981721807411,-2.361045970071351
354,0.6152260303497314,1.0103,0.23316,0.0,2.343768496005223,2.1531580376140833,-2.3627327007119017
355,0.6183488368988037,1.0103,0.23366,0.0,2.3495849703305165,2.157916961316127,-2.347797806514089
356,0.6210067272186279,1.0103,0.23416,0.0,2.350629188179239,2.163112175074007,-2.3616604499019234
357,0.6234989166259766,1.0103,0.23466,0.0,2.3544912337473156,2.15903753176551,-2.358661999464004
358,0.6260063648223877,1.0103,0.23516,0.0,2.351880001538132,2.159432749105201,-2.36872313561017
359,0.6283907890319824,1.0103,0.23566,0.0,2.356384356531266,2.1555183340129846,-2.3633396820182844
360,0.6308994293212891,1.0103,0.23616,0.0,2.350127507281649,2.1617823198520516,-2.358872479790033
361,0.6333861351013184,1.0103,0.23666,0.0,2.3420273019310867,2.1666503786585602,-2.3539134246851536
362,0.6363546848297119,1.0103,0.23716,0.0,2.345286699648072,2.158636336680019,-2.3527207465098217
363,0.6385977268218994,1.0103,0.23767,0.0,2.353854240429924,2.162276506193292,-2.3668745034218794
364,0.6403484344482422,1.0103,0.23817,0.0,2.349179065750825,2.1665159504007896,-2.3611038426702087
365,0.6426835060119629,1.0103,0.23867,0.0,2.358281511430482,2.170786096022764,-2.347079178028202
366,0.6450695991516113,1.0103,0.23917,0.0,2.3450559881520427,2.181834657575136,-2.346950918425563
367,0.6492903232574463,1.0103,0.23967,0.0,2.3502786537536844,2.1827464834900874,-2.3500360687736213
368,0.6527612209320068,1.0103,0.24017,0.0,2.364428375831363,2.185731395715491,-2.3536738599799363
369,0.6561663150787354,1.0103,0.24067,0.0,2.384491596624704,2.1839361460633895,-2.349105760835456
370,0.6597878932952881,1.0103,0.24117,0.0,2.382140179365208,2.1842293417980287,-2.3546549370085463
371,0.662255048751831,1.0103,0.24167,0.0,2.3809626538434503,2.180984722622088,-2.347536824703956
372,0.6647593975067139,1.0103,0.24217,0.0,2.3773218735393264,2.1843689256005576,-2.346314549587904
373,0.6671981811523438,1.0103,0.24267,0.0,2.370994617630876,2.18788260704734,-2.3629279651854262
374,0.6696348190307617,1.0103,0.24317,0.0,2.370171578637162,2.1886634969707903,-2.3615568308112165
375,0.6732299327850342,1.0103,0.24367,0.0,2.370372391041311,2.187267544926283,-2.360985233724269
376,0.6785752773284912,1.0103,0.24417,0.0,2.3702701278341367,2.184102842114491,-2.357644846419753
377,0.6837811470031738,1.0103,0.24467,0.0,2.375554657743743,2.188461089022736,-2.3544815424264396
378,0.6869120597839355,1.0103,0.24517,0.0,2.3751608773304964,2.1854252009189543,-2.3432304546846066
379,0.6907703876495361,1.0103,0.24567,0.0,2.3730302107669807,2.184108299690771,-2.3586688972077123
380,0.6932516098022461,1.0103,0.24617,0.0,2.3788229633786484,2.183506660770301,-2.3676917993274587
381,0.6957359313964844,1.0103,0.24667,0.0,2.3792167770397894,2.1856040742824696,-2.355627462417151
382,0.6982636451721191,1.0103,0.24717,0.0,2.3753844336123433,2.1929339154265817,-2.351626476722717
383,0.7007961273193359,1.0103,0.24767,0.0,2.385475397281348,2.1960193670450456,-2.3436307809423917
384,0.7032551765441895,1.0103,0.24817,0.0,2.378446908434594,2.192549915828289,-2.3611380118095644
385,0.7057175636291504,1.0104,0.24868,0.0,2.3765993397004674,2.196150645453007,-2.3532736644416823
386,0.7072978019714355,1.0104,0.24918,0.0,2.3839717685038564,2.1904939617654757,-2.356110889531491
387,0.7090280055999756,1.0104,0.24968,0.0,2.375158233912561,2.195075559585244,-2.352131537812819
388,0.7115402221679688,1.0104,0.25018,0.0,2.368756375914693,2.18685715435913,-2.3474950626802804
389,0.713956356048584,1.0104,0.25068,0.0,2.363761595861612,2.186659237241232,-2.3573384811192355
390,0.716278076171875,1.0104,0.25118,0.0,2.3636033607498845,2.190457500100889,-2.3647065001306435
391,0.7186248302459717,1.0104,0.25168,0.0,2.3703600970553014,2.188090887601268,-2.3642156755420176
392,0.7215104103088379,1.0104,0.25218,0.0,2.362388763661587,2.187646451317141,-2.373438257805335
393,0.7244932651519775,1.0104,0.25268,0.0,2.3539361770614837,2.186941147793233,-2.3660744742156337
394,0.7285506725311279,1.0104,0.25318,0.0,2.3610930098114036,2.1926076643532464,-2.3529058883841367
395,0.7309656143188477,1.0104,0.25368,0.0,2.3610348653528717,2.193931321574251,-2.352093193515639
396,0.733496904373169,1.0104,0.25418,0.0,2.3562426863953574,2.198672235297973,-2.357478278404685
397,0.7360496520996094,1.0104,0.25468,0.0,2.3572706617598436,2.2067861052639564,-2.3530253839030637
398,0.7385208606719971,1.0104,0.25518,0.0,2.3605867923320196,2.2073134682390427,-2.349263413055542
399,0.7410104274749756,1.0104,0.25568,0.0,2.3621924406107944,2.201814747382881,-2.3496032846523645
400,0.7439804077148438,1.0104,0.25618,0.0,2.3764989800209366,2.200513064142568,-2.3538376782873125
401,0.7464032173156738,1.0104,0.25668,0.0,2.3815808200387645,2.2009727650917057,-2.3558106815494906
402,0.74928879737854,1.0104,0.25718,0.0,2.3788065234384015,2.2017909820095785,-2.3590210750787026
403,0.7524137496948242,1.0104,0.25768,0.0,2.3741516986380273,2.2054015778473834,-2.363239085811588
404,0.7574617862701416,1.0104,0.25818,0.0,2.376204428647237,2.2081526731043644,-2.3607682409378152
405,0.7599012851715088,1.0104,0.25868,0.0,2.380902841595307,2.2164072748994346,-2.3645622959359685
406,0.7623672485351562,1.0104,0.25918,0.0,2.3778816783604744,2.200893294932532,-2.3620340214274487
407,0.7648482322692871,1.0104,0.25969,0.0,2.381407212773638,2.180513238333574,-2.3543374023758594
408,0.7672853469848633,1.0104,0.26019,0.0,2.380149350625414,2.173320613202678,-2.3558635935626846
409,0.7697467803955078,1.0104,0.26069,0.0,2.3854620936697812,2.183441040797206,-2.3624818397929928
410,0.7721507549285889,1.0104,0.26119,0.0,2.374705831575415,2.17249155168871,-2.3600933791852965
411,0.7758078575134277,1.0104,0.26169,0.0,2.378021058678813,2.1698403886461968,-2.3550070454614804
412,0.7780952453613281,1.0104,0.26219,0.0,2.3809561541839037,2.1680611326227597,-2.3562055868289504
413,0.780329704284668,1.0104,0.26269,0.0,2.379056773004033,2.1695857596935633,-2.3599707311406517
414,0.7827529907226562,1.0104,0.26319,0.0,2.3716128346842007,2.169727569716862,-2.3560398435946417
415,0.7854418754577637,1.0104,0.26369,0.0,2.3711127627737416,2.176014646740035,-2.358929529852024
416,0.7877819538116455,1.0104,0.26419,0.0,2.3677140564859482,2.166689919899672,-2.355248657651118
417,0.7901244163513184,1.0104,0.26469,0.0,2.373529317178403,2.16400403685428,-2.3575098711863567
418,0.792527437210083,1.0104,0.26519,0.0,2.369692667717728,2.1640618660212807,-2.3463758102533463
419,0.7953450679779053,1.0104,0.26569,0.0,2.3702202146819147,2.1701413452581053,-2.3499631669209955
420,0.7990703582763672,1.0104,0.26619,0.0,2.35645602591071,2.168842246986924,-2.3540313500947834
421,0.8006870746612549,1.0104,0.26669,0.0,2.357098873340963,2.1692102706440135,-2.3500723414136355
422,0.8022258281707764,1.0104,0.26719,0.0,2.3439781183480948,2.1720355349791305,-2.352020219208464
423,0.80377197265625,1.0104,0.26769,0.0,2.355922840816409,2.17005135547654,-2.3646814251543757
424,0.8052985668182373,1.0104,0.26819,0.0,2.374959770056357,2.1749315354173873,-2.352147125480486
425,0.8068318367004395,1.0104,0.26869,0.0,2.3705112191298254,2.1764862701068,-2.357073436012513
426,0.8088977336883545,1.0104,0.26919,0.0,2.3781540054652335,2.1755027927685355,-2.3486831813328544
427,0.8112442493438721,1.0104,0.26969,0.0,2.3779974224800533,2.17704199471067,-2.339397590834951
428,0.8136322498321533,1.0104,0.27019,0.0,2.3750286464684294,2.172859782357079,-2.352288660143699
429,0.8160161972045898,1.0104,0.2707,0.0,2.3757041510460915,2.171528775465241,-2.355364252975141
430,0.818300724029541,1.0104,0.2712,0.0,2.3753092715235895,2.1759502514840423,-2.3492580195680386
431,0.8205466270446777,1.0104,0.2717,0.0,2.374177092688188,2.1739177965396306,-2.3513256792228816
432,0.8229053020477295,1.0104,0.2722,0.0,2.3637357698399546,2.165535155602562,-2.3571758604329385
433,0.8260440826416016,1.0104,0.2727,0.0,2.366654796600584,2.165367788288291,-2.366068499898766
434,0.8289895057678223,1.0104,0.2732,0.0,2.373299396899691,2.1686530884994295,-2.359683782507315
435,0.8314428329467773,1.0104,0.2737,0.0,2.3759804699808913,2.164840456863,-2.3513353427282166
436,0.8339123725891113,1.0104,0.2742,0.0,2.3646634923564767,2.1733131974897906,-2.3557602134044338
437,0.8363800048828125,1.0104,0.2747,0.0,2.3652609376203073,2.1754391995234212,-2.357493935059869
438,0.8388338088989258,1.0104,0.2752,0.0,2.3597729569584516,2.1781306406323533,-2.355809598057631
439,0.8411507606506348,1.0104,0.2757,0.0,2.357376547230223,2.1787128427824345,-2.3526725510553166
440,0.8452765941619873,1.0104,0.2762,0.0,2.369372716261637,2.1834306637341836,-2.359502936841074
441,0.8477325439453125,1.0104,0.2767,0.0,2.360197415076594,2.189876678314161,-2.3582755127564723
442,0.8500139713287354,1.0104,0.2772,0.0,2.3579637877864883,2.183320684456248,-2.3547018786960683
443,0.8515622615814209,1.0104,0.2777,0.0,2.36454530333484,2.178316234343474,-2.351240164820029
444,0.8535068035125732,1.0104,0.2782,0.0,2.364169141301495,2.176876419294846,-2.369017806033795
445,0.8554883003234863,1.0104,0.2787,0.0,2.361480378163222,2.1811979984613874,-2.358091202868248
446,0.8578095436096191,1.0104,0.2792,0.0,2.351370568983119,2.174663288866652,-2.359820759521449
447,0.8593323230743408,1.0104,0.2797,0.0,2.348387435646754,2.17698037624244,-2.354478714471693
448,0.8608582019805908,1.0104,0.2802,0.0,2.353270257794353,2.176839299295475,-2.3474655615090185
449,0.8623995780944824,1.0104,0.2807,0.0,2.3501105757629235,2.183662559101572,-2.352585814992916
450,0.8640532493591309,1.0104,0.2812,0.0,2.3571914683464734,2.19172785566582,-2.365835162081369
451,0.8655664920806885,1.0104,0.28171,0.0,2.3515003679114437,2.1981862620967494,-2.3526618377167736
452,0.8670880794525146,1.0104,0.28221,0.0,2.3593885721682293,2.199282417591533,-2.3466813333497503
453,0.8687763214111328,1.0104,0.28271,0.0,2.3503491329898085,2.1954687053954567,-2.3586558564065845
454,0.8703083992004395,1.0104,0.28321,0.0,2.358124112196116,2.196417802770056,-2.3537329819681445
455,0.8719921112060547,1.0104,0.28371,0.0,2.3542438044831635,2.184950586827555,-2.3423011120394888
456,0.8735136985778809,1.0104,0.28421,0.0,2.3524510544206816,2.1810250847856967,-2.3543824871925105
457,0.8750317096710205,1.0104,0.28471,0.0,2.3637917159854207,2.187579616911155,-2.3475001523959187
458,0.8765370845794678,1.0104,0.28521,0.0,2.3575385398321957,2.1870046292740866,-2.3532392401055553
459,0.8780593872070312,1.0104,0.28571,0.0,2.3636097118204553,2.1859653896481515,-2.355516352158915
460,0.8796665668487549,1.0104,0.28621,0.0,2.3576141764363383,2.1925089389176438,-2.3572857725376752
461,0.8816609382629395,1.0104,0.28671,0.0,2.365319942654114,2.1850373665172667,-2.36743831538079
462,0.8833217620849609,1.0104,0.28721,0.0,2.3622109067792185,2.191348258078847,-2.36191576199454
463,0.8848528861999512,1.0104,0.28771,0.0,2.355958915712394,2.1931459459059313,-2.3504704149103053
464,0.8863513469696045,1.0104,0.28821,0.0,2.3589027082156107,2.1920389482509886,-2.3568847186394497
465,0.8879046440124512,1.0104,0.28871,0.0,2.361527123182315,2.191650243037441,-2.3640577789256114
466,0.8894085884094238,1.0104,0.28921,0.0,2.3600649610256745,2.188671302617365,-2.357080979464805
467,0.8909182548522949,1.0104,0.28971,0.0,2.371099266543619,2.193435589059664,-2.346153057788673
468,0.8924171924591064,1.0104,0.29021,0.0,2.370845928512833,2.1973351673899435,-2.3502401234182173
469,0.893946647644043,1.0104,0.29071,0.0,2.365512581921323,2.201846520508757,-2.3657560105594024
470,0.8954558372497559,1.0104,0.29121,0.0,2.371629994633762,2.2110309283424465,-2.3506237526273512
471,0.8969755172729492,1.0104,0.29171,0.0,2.3694701396233717,2.207033272510322,-2.3505724886762955
472,0.8986337184906006,1.0104,0.29221,0.0,2.3746356623717606,2.2130879607924547,-2.355868242561167
473,0.9001631736755371,1.0104,0.29272,0.0,2.3716099244704383,2.217218483052655,-2.359476305121013
474,0.9016838073730469,1.0104,0.29322,0.0,2.3737526447372113,2.2146926371078073,-2.355625227104372
475,0.9031863212585449,1.0104,0.29372,0.0,2.362064320723364,2.216204226799352,-2.3507741712724837
476,0.9047284126281738,1.0104,0.29422,0.0,2.3635632040391927,2.2164494551373393,-2.3434455752476513
477,0.9063818454742432,1.0104,0.29472,0.0,2.3714988293421952,2.223205291878344,-2.3510759749286385
478,0.9078953266143799,1.0104,0.29522,0.0,2.365975484064808,2.2199728729964647,-2.3587394804106263
479,0.909386396408081,1.0104,0.29572,0.0,2.373686163651345,2.217339192337524,-2.3702063892235565
480,0.9108824729919434,1.0104,0.29622,0.0,2.3693300854516925,2.2138295814972837,-2.3502443531475237
481,0.9123740196228027,1.0104,0.29672,0.0,2.363542824469578,2.223080198768907,-2.354658468960617
482,0.9139285087585449,1.0104,0.29722,0.0,2.369144952234997,2.2317791591311464,-2.3472471389622336
483,0.9154322147369385,1.0104,0.29772,0.0,2.376234030053359,2.236337961961327,-2.346442391535547
484,0.9169304370880127,1.0104,0.29822,0.0,2.378983967034527,2.235587468953259,-2.354390329301887
485,0.9184756278991699,1.0104,0.29872,0.0,2.387741164552789,2.231877318635221,-2.3485167215856717
486,0.9200379848480225,1.0104,0.29922,0.0,2.3874048206049974,2.229847811838807,-2.343722304314314
487,0.9217076301574707,1.0104,0.29972,0.0,2.3760607802825073,2.2244772450008896,-2.3463885637050823
488,0.9232199192047119,1.0104,0.30022,0.0,2.3779932213556214,2.2197568114339843,-2.3520086183350197
489,0.9248025417327881,1.0104,0.30072,0.0,2.387801326327079,2.2143218938042177,-2.3601381965027346
490,0.9263229370117188,1.0104,0.30122,0.0,2.3799289541872306,2.2085372257786093,-2.3574533126028494
491,0.9278266429901123,1.0104,0.30172,0.0,2.38497335680593,2.2127879197003204,-2.3489971254676716
492,0.9293317794799805,1.0104,0.30222,0.0,2.3837056843676856,2.2135991175905225,-2.3560227980496102
493,0.9308335781097412,1.0104,0.30272,0.0,2.3927894149648337,2.213094565727187,-2.3477779299711807
494,0.9324066638946533,1.0104,0.30322,0.0,2.3839599609914743,2.219184141968737,-2.3541841497874785
495,0.9342987537384033,1.0105,0.30373,0.0,2.3802187104988555,2.218111447136924,-2.352002386262357
496,0.9362318515777588,1.0105,0.30423,0.0,2.3842441130929934,2.217497158534052,-2.3564898264323513
497,0.9377963542938232,1.0105,0.30473,0.0,2.391498871127699,2.219581385805678,-2.353602098494309
498,0.9392964839935303,1.0105,0.30523,0.0,2.381404002726817,2.2165505854522127,-2.35084557178629
499,0.9408066272735596,1.0105,0.30573,0.0,2.385298574240794,2.218291125412714,-2.3598240261036474
500,0.942793607711792,1.0105,0.30623,0.0,2.3803202035401845,2.214591430171379,-2.365963650615503
501,0.9445769786834717,1.0105,0.30673,0.0,2.377608298735855,2.212310541399349,-2.355991747049595
502,0.9462685585021973,1.0105,0.30723,0.0,2.3702316578241773,2.212644810552524,-2.358378639031062
503,0.9481146335601807,1.0105,0.30773,0.0,2.3769226965836276,2.206776981569817,-2.353391644461126
504,0.9502067565917969,1.0105,0.30823,0.0,2.3760653094827786,2.20905106363317,-2.3627311837463765
505,0.9517595767974854,1.0105,0.30873,0.0,2.3762217133106205,2.2103052536681638,-2.3679178948369564
506,0.9533276557922363,1.0105,0.30923,0.0,2.381241762173925,2.205560588560546,-2.353403121301718
507,0.9548537731170654,1.0105,0.30973,0.0,2.3888096782345385,2.206299481398358,-2.347816214475493
508,0.9563724994659424,1.0105,0.31023,0.0,2.386170698424591,2.2130092953575113,-2.365244323104664
509,0.9578826427459717,1.0105,0.31073,0.0,2.375936280031655,2.2167095324707806,-2.3593669434600963
510,0.959378719329834,1.0105,0.31123,0.0,2.380126917230942,2.212938705907854,-2.352966674111761
511,0.9608781337738037,1.0105,0.31173,0.0,2.370547434276693,2.215274068130992,-2.3601024509622697
512,0.9623699188232422,1.0105,0.31223,0.0,2.372783773908908,2.2092987344504165,-2.3539612847202753
513,0.9638707637786865,1.0105,0.31273,0.0,2.372117060963781,2.206863360329585,-2.3595184815847476
514,0.9653637409210205,1.0105,0.31323,0.0,2.3547810729037684,2.202256171570828,-2.3496806105393393
515,0.9668753147125244,1.0105,0.31373,0.0,2.362585750426868,2.2016465582077434,-2.3476849969524376
516,0.9683630466461182,1.0105,0.31423,0.0,2.363394725828102,2.199603021640569,-2.350883726129723
517,0.9698712825775146,1.0105,0.31474,0.0,2.3581677139062545,2.204425959660361,-2.354150058955827
518,0.9713587760925293,1.0105,0.31524,0.0,2.359095192764301,2.198391414770898,-2.3543088288668628
519,0.972853422164917,1.0105,0.31574,0.0,2.371267271960493,2.196165493709156,-2.353287799647205
520,0.9743423461914062,1.0105,0.31624,0.0,2.3789794856176973,2.1920461541260674,-2.3547889890467677
521,0.9758567810058594,1.0105,0.31674,0.0,2.3808795280100847,2.1970997405664217,-2.350206052933634
522,0.9773416519165039,1.0105,0.31724,0.0,2.386988776244683,2.2009271912537143,-2.364299641393307
523,0.978830099105835,1.0105,0.31774,0.0,2.388310756492582,2.1983372703189934,-2.3586819713622518
524,0.9803121089935303,1.0105,0.31824,0.0,2.3676431847051713,2.194286636207004,-2.357025845751549
525,0.9818069934844971,1.0105,0.31874,0.0,2.364823542625015,2.1888936740038067,-2.3620699472530995
526,0.9833111763000488,1.0105,0.31924,0.0,2.3532624392947246,2.1941176970669622,-2.3434651599469607
527,0.9848096370697021,1.0105,0.31974,0.0,2.3369236972919194,2.194311739095572,-2.3429577443407013
528,0.9863288402557373,1.0105,0.32024,0.0,2.3435743970807863,2.1974268348539185,-2.361156706585682
529,0.9882845878601074,1.0105,0.32074,0.0,2.3422606673166615,2.1999525006110403,-2.359271303487142
530,0.9900245666503906,1.0105,0.32124,0.0,2.343927792328822,2.196665419981818,-2.3550420772569587
531,0.9915964603424072,1.0105,0.32174,0.0,2.3408586578878285,2.199949192687582,-2.351466835687967
532,0.993128776550293,1.0105,0.32224,0.0,2.3398910283255825,2.200145129629174,-2.356328589911584
533,0.9946317672729492,1.0105,0.32274,0.0,2.340255160364418,2.20284795015659,-2.3611336927672375
534,0.9961402416229248,1.0105,0.32324,0.0,2.3299531280180186,2.206738526616355,-2.358414650168964
535,0.9976341724395752,1.0105,0.32374,0.0,2.3339930060854157,2.2054813084257865,-2.3628553197635496
536,0.9991414546966553,1.0105,0.32424,0.0,2.3406435235578966,2.1934401725527404,-2.348631263466667
537,1.000633716583252,1.0105,0.32474,0.0,2.3436424415306463,2.1987019905826064,-2.3570692068142454
538,1.002138376235962,1.0105,0.32524,0.0,2.3555329530753117,2.186162849214437,-2.3478447681949706
539,1.0036225318908691,1.0105,0.32575,0.0,2.358507234425604,2.1895157075156817,-2.358150438097551
540,1.0051321983337402,1.0105,0.32625,0.0,2.3601844526022204,2.194416191108465,-2.35060405118132
541,1.0066583156585693,1.0105,0.32675,0.0,2.3603620996594294,2.1923618932966176,-2.3484966272858316
542,1.008152723312378,1.0105,0.32725,0.0,2.362963765685636,2.186900265348335,-2.3550343071069237
543,1.0096354484558105,1.0105,0.32775,0.0,2.3703689199286115,2.1902821674651243,-2.3509279924357824
544,1.0111379623413086,1.0105,0.32825,0.0,2.374520182010867,2.1906044918121057,-2.349518615787124
545,1.013418197631836,1.0105,0.32875,0.0,2.3769315353258342,2.1906191353365325,-2.350178580766858
546,1.015429973602295,1.0105,0.32925,0.0,2.375840368569363,2.183792057399384,-2.3625516060360527
547,1.0174031257629395,1.0105,0.32975,0.0,2.378810684947173,2.1922950450359435,-2.351215926836054
548,1.0189542770385742,1.0105,0.33025,0.0,2.3853599408127164,2.197102328877951,-2.349537095343449
549,1.0204596519470215,1.0105,0.33075,0.0,2.387138070470988,2.196738792763792,-2.3534912684068563
550,1.021981954574585,1.0105,0.33125,0.0,2.378695067196834,2.1977847980128757,-2.3498197294599095
551,1.023484706878662,1.0105,0.33175,0.0,2.374555526988403,2.1940807541249656,-2.3467000782535066
552,1.024998426437378,1.0105,0.33225,0.0,2.3765756997308802,2.1896868306559583,-2.3569721565492383
553,1.0265069007873535,1.0105,0.33275,0.0,2.3873166118789815,2.1896146103001803,-2.3582936631456803
554,1.028027057647705,1.0105,0.33325,0.0,2.3850088358717723,2.19953603602467,-2.350798610506902
555,1.0295233726501465,1.0105,0.33375,0.0,2.3732804627747996,2.203590535368262,-2.34606066191653
556,1.0310635566711426,1.0105,0.33425,0.0,2.3756383619456094,2.200812325439882,-2.351693530735435
557,1.0325586795806885,1.0105,0.33475,0.0,2.3752253125014953,2.2005333519206727,-2.3536914239880873
558,1.0340666770935059,1.0105,0.33525,0.0,2.383955961910224,2.2014199399269962,-2.349395393217997
559,1.0355603694915771,1.0105,0.33575,0.0,2.379246875003319,2.200184961676486,-2.356345306699785
560,1.0370686054229736,1.0105,0.33626,0.0,2.3646699026643896,2.1892668361857615,-2.355665704463012
561,1.0385642051696777,1.0105,0.33676,0.0,2.3564242337175867,2.1798631819139183,-2.3467448456817976
562,1.0400738716125488,1.0105,0.33726,0.0,2.349969289082068,2.1764442131199173,-2.347476024766505
563,1.0417633056640625,1.0105,0.33776,0.0,2.3436563485439272,2.175257756547172,-2.3544842443208585
564,1.0437159538269043,1.0105,0.33826,0.0,2.350124148459633,2.1706667920965237,-2.345579112471794
565,1.0453197956085205,1.0105,0.33876,0.0,2.3605704600536637,2.1671093956493106,-2.336968466049161
566,1.0468347072601318,1.0105,0.33926,0.0,2.3583902813978392,2.1657742308459724,-2.3552114013993375
567,1.0483314990997314,1.0105,0.33976,0.0,2.3687451448622405,2.1715169642903818,-2.3529092717414573
568,1.0498411655426025,1.0105,0.34026,0.0,2.36455712299951,2.167277747210064,-2.3752945701005803
569,1.0513336658477783,1.0105,0.34076,0.0,2.3634433955441825,2.167433014900958,-2.352340029063263
570,1.052856206893921,1.0105,0.34126,0.0,2.3651622275382262,2.1763585351485615,-2.35237637791436
571,1.0548462867736816,1.0105,0.34176,0.0,2.384091068734727,2.1811765251223973,-2.3517478848543933
572,1.056771993637085,1.0105,0.34226,0.0,2.385386528727942,2.1769537705179496,-2.3505149248678023
573,1.058844804763794,1.0105,0.34276,0.0,2.3838921720299586,2.17725227031239,-2.3357097148600774
574,1.0603623390197754,1.0105,0.34326,0.0,2.3781147577474293,2.1736513326070486,-2.3432469283577166
575,1.0618727207183838,1.0105,0.34376,0.0,2.3804095302983703,2.1777566298165847,-2.355936905490079
576,1.0633652210235596,1.0105,0.34426,0.0,2.375180411918004,2.1779001211437214,-2.3506955361283857
577,1.0648856163024902,1.0105,0.34476,0.0,2.381088960709077,2.178933410613082,-2.344214180799918
578,1.0663864612579346,1.0105,0.34526,0.0,2.375504720738812,2.1827556990474513,-2.35015958735218
579,1.067896842956543,1.0105,0.34576,0.0,2.3774775445633933,2.1865737700324206,-2.374977481009531
580,1.0693824291229248,1.0105,0.34626,0.0,2.375930985812864,2.189497001824005,-2.3521481932365704
581,1.0708880424499512,1.0105,0.34676,0.0,2.3751076063947245,2.193009128059352,-2.3461582886581307
582,1.0723764896392822,1.0105,0.34727,0.0,2.3791834348179317,2.1917653632144227,-2.353778297374462
583,1.073876142501831,1.0105,0.34777,0.0,2.3817520312721716,2.1900335981339296,-2.3530789490728603
584,1.075364112854004,1.0105,0.34827,0.0,2.3856913593742517,2.1855102100163486,-2.3412726113952274
585,1.0768587589263916,1.0105,0.34877,0.0,2.3796261559139125,2.187301503677938,-2.3540654973252177
586,1.0784213542938232,1.0105,0.34927,0.0,2.376799912263872,2.187618157839542,-2.34997119079216
587,1.079927921295166,1.0105,0.34977,0.0,2.368104581407594,2.1852930088118696,-2.3537575115951617
588,1.081418514251709,1.0105,0.35027,0.0,2.3787848683797583,2.192277470815075,-2.352853723778533
589,1.082916259765625,1.0105,0.35077,0.0,2.370723975247654,2.191160967653807,-2.35978203582973
590,1.0844080448150635,1.0105,0.35127,0.0,2.3727557030897892,2.183626708284953,-2.34946524589746
591,1.0859277248382568,1.0105,0.35177,0.0,2.3646577210418984,2.189849286524092,-2.3554111246738874
592,1.087432861328125,1.0105,0.35227,0.0,2.370458950146452,2.185847513844561,-2.3518387785397628
593,1.088935375213623,1.0105,0.35277,0.0,2.3671031360645687,2.184701841812043,-2.3510065390915886
594,1.0904309749603271,1.0105,0.35327,0.0,2.372896729539847,2.1768925038753015,-2.358582494493916
595,1.0919244289398193,1.0105,0.35377,0.0,2.3696671265566254,2.171554065973065,-2.3675304422683614
596,1.0934090614318848,1.0105,0.35427,0.0,2.368263896779639,2.1801700640072506,-2.3682449540320265
597,1.0950090885162354,1.0105,0.35477,0.0,2.3616725146933337,2.179610613585552,-2.3655880787078636
598,1.096944808959961,1.0105,0.35527,0.0,2.3693642996487605,2.176322098504082,-2.3598837517954245
599,1.098597526550293,1.0105,0.35577,0.0,2.3731539480024364,2.1718142440461317,-2.3629168143498145
600,1.1003754138946533,1.0105,0.35627,0.0,2.3779734282051734,2.1755422020005803,-2.360439042322101
601,1.1019058227539062,1.0105,0.35677,0.0,2.3872235510443,2.1795948272146606,-2.3609878546151446
602,1.1034066677093506,1.0105,0.35727,0.0,2.379986335296663,2.1746988269317287,-2.362557443709643
603,1.1050326824188232,1.0105,0.35777,0.0,2.3679261960621782,2.1796481592540315,-2.377928478008877
604,1.1072766780853271,1.0106,0.35828,0.0,2.371652292422755,2.1886457069682894,-2.3758670101938866
605,1.1088874340057373,1.0106,0.35878,0.0,2.373543513758442,2.1899780404347005,-2.3834203262034355
606,1.1103904247283936,1.0106,0.35928,0.0,2.368935573740624,2.1802787178078686,-2.3803743118468366
607,1.1119201183319092,1.0106,0.35978,0.0,2.364463163817979,2.1815312331175627,-2.3793075804502646
608,1.1134181022644043,1.0106,0.36028,0.0,2.367548606953799,2.1825298217195948,-2.3847028730778645
609,1.1149251461029053,1.0106,0.36078,0.0,2.36292613292433,2.1796432286016314,-2.386260548529638
610,1.1164400577545166,1.0106,0.36128,0.0,2.3604662400781162,2.182659454011903,-2.38536756206432
611,1.118060827255249,1.0106,0.36178,0.0,2.3745843552636496,2.193675512576907,-2.389626412457714
612,1.119565725326538,1.0106,0.36228,0.0,2.384343340266961,2.1979407516661023,-2.388104685180324
613,1.1210734844207764,1.0106,0.36278,0.0,2.3838252453797044,2.1932366145533884,-2.384305465352829
614,1.1226317882537842,1.0106,0.36328,0.0,2.379758196931337,2.1925468978712126,-2.3889739740260443
615,1.1250007152557373,1.0106,0.36378,0.0,2.3835137976756844,2.193155632730609,-2.3854932147755687
616,1.1273894309997559,1.0106,0.36428,0.0,2.3770068725794955,2.202353763571156,-2.391091320531525
617,1.129819631576538,1.0106,0.36478,0.0,2.3771782762721356,2.2030952979781233,-2.387445617846092
618,1.1322288513183594,1.0106,0.36528,0.0,2.377908324948794,2.2073385214481345,-2.382915821163828
619,1.1346077919006348,1.0106,0.36578,0.0,2.376336650267684,2.2164371976920956,-2.377324660935385
620,1.1370573043823242,1.0106,0.36628,0.0,2.3815008098695487,2.215564148888093,-2.3946375049432427
621,1.1394495964050293,1.0106,0.36678,0.0,2.381048386721477,2.2148806376652392,-2.3937938827100242
622,1.1419124603271484,1.0106,0.36728,0.0,2.378433165195608,2.219801069502683,-2.397174147047503
623,1.1443407535552979,1.0106,0.36778,0.0,2.376374196690643,2.2075979916445445,-2.3924520236255025
624,1.1467878818511963,1.0106,0.36828,0.0,2.3743636397814694,2.2044284323251886,-2.3863363515316736
625,1.1486012935638428,1.0106,0.36878,0.0,2.384636259373829,2.2009081586554093,-2.397003278033798
626,1.1505849361419678,1.0106,0.36929,0.0,2.38057807199188,2.197244019726996,-2.3907635953528277
627,1.1521711349487305,1.0106,0.36979,0.0,2.381528549755284,2.193817515838658,-2.3996302980712683
628,1.1537203788757324,1.0106,0.37029,0.0,2.3807577793486865,2.197377853419721,-2.390279757401885
629,1.1552481651306152,1.0106,0.37079,0.0,2.3803871339595624,2.1901876250782313,-2.376407468797133
630,1.1567869186401367,1.0106,0.37129,0.0,2.382667880758247,2.184869698410261,-2.3859610705465975
631,1.1582770347595215,1.0106,0.37179,0.0,2.395202767314531,2.188259144376273,-2.3961359564657028
632,1.15977144241333,1.0106,0.37229,0.0,2.399832420262001,2.1866537792820724,-2.3962914446033454
633,1.1612603664398193,1.0106,0.37279,0.0,2.3894783507473973,2.1910261928820955,-2.386505167222437
634,1.162858009338379,1.0106,0.37329,0.0,2.382954371013262,2.1979366158479254,-2.378961732098806
635,1.164370059967041,1.0106,0.37379,0.0,2.3895263165001985,2.200811813101013,-2.3931051966832335
636,1.1658735275268555,1.0106,0.37429,0.0,2.3816082306331996,2.1999142399239755,-2.373064747355327
637,1.167367696762085,1.0106,0.37479,0.0,2.3750011826900677,2.202268189557081,-2.378579348789629
638,1.1688623428344727,1.0106,0.37529,0.0,2.366893274408189,2.2051201395496185,-2.3892957891751996
639,1.170356273651123,1.0106,0.37579,0.0,2.3761429015925826,2.2065558180104428,-2.3840995925179764
640,1.171867847442627,1.0106,0.37629,0.0,2.3736009997748,2.2099348731022306,-2.376246320062646
641,1.1741549968719482,1.0106,0.37679,0.0,2.368434274431568,2.2140620025975672,-2.3865527412964447
642,1.1761300563812256,1.0106,0.37729,0.0,2.374021903652827,2.212178876039287,-2.3808618013420912
643,1.1779654026031494,1.0106,0.37779,0.0,2.375764937346961,2.2089935121626096,-2.379338220418094
644,1.1794791221618652,1.0106,0.37829,0.0,2.3871635360540764,2.1984181281672006,-2.3768491104837493
645,1.1810553073883057,1.0106,0.37879,0.0,2.384170585892537,2.1971548258136653,-2.3846954947558845
646,1.1826815605163574,1.0106,0.37929,0.0,2.377110654980048,2.1912810857881553,-2.372832538541066
647,1.1841981410980225,1.0106,0.37979,0.0,2.3757838585786923,2.1871761574688033,-2.378490720735065
648,1.1857013702392578,1.0106,0.3803,0.0,2.384888032675903,2.1803391317068375,-2.382227499955776
649,1.1871910095214844,1.0106,0.3808,0.0,2.3941530386793195,2.186334991210939,-2.38389981252383
650,1.1886885166168213,1.0106,0.3813,0.0,2.3974649844206612,2.1837567829075435,-2.3902898219270665
651,1.1901803016662598,1.0106,0.3818,0.0,2.397757635736558,2.1873500863232183,-2.374205150468404
652,1.191695213317871,1.0106,0.3823,0.0,2.39222557518054,2.1951432140822797,-2.3838142154258337
653,1.1931805610656738,1.0106,0.3828,0.0,2.3987862899820507,2.1924142128637105,-2.3863969714311017
654,1.1946871280670166,1.0106,0.3833,0.0,2.399267323447694,2.1988718457952903,-2.369294312702485
655,1.1961743831634521,1.0106,0.3838,0.0,2.4015102793297527,2.197720827155214,-2.3801812148211696
656,1.1976697444915771,1.0106,0.3843,0.0,2.3909641112345814,2.196446602569508,-2.37999558746909
657,1.1991608142852783,1.0106,0.3848,0.0,2.3853715928214028,2.2001163607559446,-2.3816991333931
658,1.2006587982177734,1.0106,0.3853,0.0,2.3928821096839643,2.201395806554018,-2.3861514875384295
659,1.202451229095459,1.0106,0.3858,0.0,2.3947063644466127,2.1973632062579176,-2.3878744334531876
660,1.20430326461792,1.0106,0.3863,0.0,2.391662765056181,2.195933282630675,-2.3854329843213002
661,1.2058353424072266,1.0106,0.3868,0.0,2.385217694318331,2.19385224210015,-2.3798636584929906
662,1.207343578338623,1.0106,0.3873,0.0,2.3817581889621464,2.189694759428435,-2.3848991333916034
663,1.2088451385498047,1.0106,0.3878,0.0,2.3743495254581957,2.1900298713343593,-2.3792850147465456
664,1.2103354930877686,1.0106,0.3883,0.0,2.367647030058932,2.188807379665888,-2.405689065216657
665,1.2118339538574219,1.0106,0.3888,0.0,2.3667646920124037,2.1925073966172217,-2.3851479624491208
666,1.2133493423461914,1.0106,0.3893,0.0,2.3685829994239023,2.1921632558676394,-2.3960508091778685
667,1.214883804321289,1.0106,0.3898,0.0,2.364260942618065,2.18717350926183,-2.383061551330602
668,1.2164268493652344,1.0106,0.3903,0.0,2.3710829062843053,2.1868914198499936,-2.3718089517341037
669,1.2179417610168457,1.0106,0.3908,0.0,2.377821889395357,2.1871487377540175,-2.371362550411536
670,1.2200124263763428,1.0106,0.39131,0.0,2.415156438947933,2.1896509745901027,-2.363823885594521
671,1.2220001220703125,1.0106,0.39181,0.0,2.422352468025504,2.1909138905279373,-2.361198147614009
672,1.2241647243499756,1.0106,0.39231,0.0,2.4309628406615618,2.191612127796864,-2.3585109509558237
673,1.2257204055786133,1.0106,0.39281,0.0,2.4498615014062075,2.193081826524777,-2.3563169106475415
674,1.2272295951843262,1.0106,0.39331,0.0,2.462377893733824,2.1923693130778936,-2.361280013982375
675,1.2287514209747314,1.0106,0.39381,0.0,2.455278052664024,2.187680485479461,-2.388309500106132
676,1.230252742767334,1.0106,0.39431,0.0,2.460818736566342,2.195816671466226,-2.379997761510626
677,1.2317543029785156,1.0106,0.39481,0.0,2.449416919004464,2.1948832662463666,-2.368546423183032
678,1.2332427501678467,1.0106,0.39531,0.0,2.4334669778351623,2.195822423001819,-2.3621132191177487
679,1.2347462177276611,1.0106,0.39581,0.0,2.4371108197475553,2.203048231220835,-2.3597933497780303
680,1.2362310886383057,1.0106,0.39631,0.0,2.443068780545705,2.201183350525125,-2.367312781585488
681,1.2377252578735352,1.0106,0.39681,0.0,2.4294890046861393,2.2069551936099265,-2.3474346945586952
682,1.2392146587371826,1.0106,0.39731,0.0,2.418265090459703,2.2049121501709554,-2.3498851855416483
683,1.2407095432281494,1.0106,0.39781,0.0,2.4301270457387036,2.2111777833260073,-2.344596083356104
684,1.2421987056732178,1.0106,0.39831,0.0,2.4305277670189818,2.201483645148782,-2.3385405098904295
685,1.2437031269073486,1.0106,0.39881,0.0,2.4200656390690614,2.2042935089807414,-2.3312667632511745
686,1.245203971862793,1.0106,0.39931,0.0,2.4114414418848207,2.2054498769270485,-2.3388381697153355
687,1.2467238903045654,1.0106,0.39981,0.0,2.3960029504694313,2.197133445889524,-2.337061695406015
688,1.2482166290283203,1.0106,0.40031,0.0,2.3946755317414503,2.1943440207793814,-2.3382785560585257
689,1.2497174739837646,1.0106,0.40081,0.0,2.407617541806389,2.200635007485223,-2.3358602785411833
690,1.2512028217315674,1.0106,0.40131,0.0,2.419329948057141,2.2018155867401568,-2.3426363697723134
691,1.2527029514312744,1.0106,0.40181,0.0,2.427365414001257,2.198389861043814,-2.3586345694705493
692,1.2542989253997803,1.0106,0.40232,0.0,2.4277029105547165,2.198749567540185,-2.3442396050202756
693,1.2564127445220947,1.0106,0.40282,0.0,2.4174182519991745,2.1964298694863444,-2.358395738753781
694,1.2580955028533936,1.0106,0.40332,0.0,2.4122585824543634,2.203214266431432,-2.3538514183576487
695,1.25960373878479,1.0106,0.40382,0.0,2.4118203743804294,2.205671071561639,-2.3471521241291806
696,1.2611312866210938,1.0106,0.40432,0.0,2.404117075806278,2.2111461639390697,-2.350931080602328
697,1.2626302242279053,1.0106,0.40482,0.0,2.401764517360225,2.2056148721335482,-2.3585263401394228
698,1.2641608715057373,1.0106,0.40532,0.0,2.3814436863293666,2.2026290966896,-2.3553824738411246
699,1.265672206878662,1.0106,0.40582,0.0,2.3709707947925187,2.197396501838233,-2.361293266782104
700,1.267714262008667,1.0106,0.40632,0.0,2.3693045467463905,2.196627905192328,-2.3551823177040663
701,1.2694597244262695,1.0106,0.40682,0.0,2.363091384793158,2.1983859672853736,-2.3576062619231575
702,1.2711493968963623,1.0106,0.40732,0.0,2.369862518404906,2.197152954468357,-2.359628433723941
703,1.2729902267456055,1.0106,0.40782,0.0,2.3571566070825307,2.197220911089512,-2.364668124947869
704,1.2751984596252441,1.0106,0.40832,0.0,2.369205648695815,2.1944968228116264,-2.3687579000793355
705,1.2767679691314697,1.0106,0.40882,0.0,2.3697798700736215,2.188845061722823,-2.364903851805056
706,1.2782824039459229,1.0106,0.40932,0.0,2.373669256903036,2.1926474057072642,-2.3613075214917427
707,1.2798168659210205,1.0106,0.40982,0.0,2.3624711388541737,2.181022223676834,-2.354993841786769
708,1.281362771987915,1.0106,0.41032,0.0,2.3679522588774495,2.179756752381285,-2.3574003936132897
709,1.2828872203826904,1.0106,0.41082,0.0,2.3809006150456753,2.1847831965098665,-2.3592968334602142
710,1.284386157989502,1.0106,0.41132,0.0,2.394317414132224,2.182114763934055,-2.3774144691772903
711,1.2858867645263672,1.0106,0.41182,0.0,2.3860634009688355,2.1804404327792226,-2.374141434399108
712,1.2874114513397217,1.0106,0.41232,0.0,2.3892363025735945,2.176818975333587,-2.3760908975858768
713,1.2889299392700195,1.0106,0.41282,0.0,2.3876330166065776,2.17681808303213,-2.359282961336918
714,1.290428876876831,1.0107,0.41333,0.0,2.3888430508858502,2.174830376062275,-2.3643136143190135
715,1.291940689086914,1.0107,0.41383,0.0,2.393487962190888,2.1776447574624878,-2.3687280728494096
716,1.2934484481811523,1.0107,0.41433,0.0,2.386214569868781,2.1769147235239106,-2.370006172558543
717,1.294971227645874,1.0107,0.41483,0.0,2.380280725199408,2.1693774292520227,-2.371214974808149
718,1.2964637279510498,1.0107,0.41533,0.0,2.3761506990860837,2.1660124430726664,-2.372646691266727
719,1.297961950302124,1.0107,0.41583,0.0,2.366447083473533,2.169640041190988,-2.3635279873437716
720,1.2994508743286133,1.0107,0.41633,0.0,2.364071509614834,2.1676028193958863,-2.365776820396383
721,1.3009991645812988,1.0107,0.41683,0.0,2.3641488955552434,2.1617669896698968,-2.355817612771972
722,1.3025009632110596,1.0107,0.41733,0.0,2.3643464851209766,2.159667941997514,-2.360773671068156
723,1.3040149211883545,1.0107,0.41783,0.0,2.370531871125458,2.161195478796891,-2.3639083441928346
724,1.3055050373077393,1.0107,0.41833,0.0,2.3656675051478087,2.1663216882527,-2.368174943174007
725,1.3071110248565674,1.0107,0.41883,0.0,2.3674895322022396,2.168604531013528,-2.3657843481680505
726,1.309079647064209,1.0107,0.41933,0.0,2.3602983617677156,2.1708123834313438,-2.349337511535833
727,1.3107304573059082,1.0107,0.41983,0.0,2.3581021416428576,2.172785525169562,-2.351281980573642
728,1.312260627746582,1.0107,0.42033,0.0,2.3661391150424462,2.1664675808143152,-2.3591114290477355
729,1.3137764930725098,1.0107,0.42083,0.0,2.36958281158221,2.1775060785236384,-2.360952921808639
730,1.3152811527252197,1.0107,0.42133,0.0,2.3648496088841933,2.187988929320294,-2.348320459265079
731,1.3167970180511475,1.0107,0.42183,0.0,2.369452377141543,2.189105809634805,-2.351932763970726
732,1.3182873725891113,1.0107,0.42233,0.0,2.3654235779261055,2.188763532202175,-2.353041764880186
733,1.3197858333587646,1.0107,0.42283,0.0,2.356636136767473,2.185142063429877,-2.3451134768069783
734,1.3212735652923584,1.0107,0.42333,0.0,2.368203862830419,2.1825048272197956,-2.3550156966847187
735,1.322767972946167,1.0107,0.42383,0.0,2.3700808750337043,2.1827081316980133,-2.3395390415698687
736,1.3242559432983398,1.0107,0.42434,0.0,2.3709239023248765,2.1813367731266795,-2.348036283372219
737,1.3258202075958252,1.0107,0.42484,0.0,2.3719224921117075,2.1777864860280336,-2.354885348832535
738,1.3273251056671143,1.0107,0.42534,0.0,2.360986893952712,2.1752009517141566,-2.369350896436591
739,1.3288238048553467,1.0107,0.42584,0.0,2.3625182406521112,2.179365364295052,-2.351122017222157
740,1.3304343223571777,1.0107,0.42634,0.0,2.362828385328154,2.178761827126547,-2.3572126374613083
741,1.33259916305542,1.0107,0.42684,0.0,2.3526254753231144,2.179258358073994,-2.3452574009603744
742,1.3349595069885254,1.0107,0.42734,0.0,2.354943286962945,2.1788275222300597,-2.352365568882366
743,1.3372375965118408,1.0107,0.42784,0.0,2.3560166261908306,2.185971401935615,-2.351571549647666
744,1.3388051986694336,1.0107,0.42834,0.0,2.3570331258481936,2.1875432197270825,-2.3577890689902583
745,1.3404598236083984,1.0107,0.42884,0.0,2.364643647332304,2.1801597373435677,-2.3567362555736673
746,1.3420207500457764,1.0107,0.42934,0.0,2.3660991510416274,2.170516436586819,-2.363088875584143
747,1.3435535430908203,1.0107,0.42984,0.0,2.3594782535796335,2.177375334852802,-2.3597324265217
748,1.3451018333435059,1.0107,0.43034,0.0,2.362777100270364,2.1752251177341897,-2.3556743716845565
749,1.3466007709503174,1.0107,0.43084,0.0,2.3595921048550417,2.1754854745490326,-2.3511058603231065
750,1.3481075763702393,1.0107,0.43134,0.0,2.3628376866879046,2.170996121712471,-2.3515676754864185
751,1.3496224880218506,1.0107,0.43184,0.0,2.367986812064351,2.170998669358642,-2.3433277215703887
752,1.3512203693389893,1.0107,0.43234,0.0,2.364009319963674,2.169920744566443,-2.345390552034652
753,1.3527357578277588,1.0107,0.43284,0.0,2.366237091610665,2.1707514162983035,-2.350343282854743
754,1.3542335033416748,1.0107,0.43334,0.0,2.352826328542834,2.173189488512531,-2.3500313277053437
755,1.3557350635528564,1.0107,0.43384,0.0,2.3577308477551315,2.182363549168078,-2.3513299742395524
756,1.3572254180908203,1.0107,0.43434,0.0,2.359801654706596,2.1899722019761554,-2.361825998197319
757,1.35872483253479,1.0107,0.43484,0.0,2.3551214783887233,2.195355826689271,-2.3530366121876933
758,1.3603038787841797,1.0107,0.43535,0.0,2.3541907738583054,2.1945198789478946,-2.351105572683047
759,1.362252950668335,1.0107,0.43585,0.0,2.3644306605033987,2.193195802957431,-2.346823086858076
760,1.3639376163482666,1.0107,0.43635,0.0,2.3648034208702264,2.191458506380594,-2.361932050657581
761,1.3654415607452393,1.0107,0.43685,0.0,2.3723300240671397,2.192341476385313,-2.360361337156901
762,1.3669815063476562,1.0107,0.43735,0.0,2.3639644639673816,2.1903695022336365,-2.3557919305792616
763,1.3686251640319824,1.0107,0.43785,0.0,2.362137887848313,2.1851124636558783,-2.3642167313372675
764,1.3708274364471436,1.0107,0.43835,0.0,2.3587751934448784,2.1860835945435233,-2.365584832888314
765,1.3729772567749023,1.0107,0.43885,0.0,2.363126390349656,2.1897450436473713,-2.3554916837218
766,1.3745322227478027,1.0107,0.43935,0.0,2.372968298952352,2.191051917330483,-2.3460884958585835
767,1.376054286956787,1.0107,0.43985,0.0,2.366035428837589,2.1933547678580645,-2.3592030151276817
768,1.377549409866333,1.0107,0.44035,0.0,2.3634776102645403,2.1991235980377186,-2.3557621115065253
769,1.379098653793335,1.0107,0.44085,0.0,2.3794469706170207,2.2074696442739894,-2.3562567227971094
770,1.3805947303771973,1.0107,0.44135,0.0,2.382473088972503,2.211279788339096,-2.3627049150617494
771,1.382141351699829,1.0107,0.44185,0.0,2.377560207290303,2.2156957281842464,-2.3581559130419056
772,1.383655071258545,1.0107,0.44235,0.0,2.3812362255814445,2.215853325889843,-2.3663757966886334
773,1.3851499557495117,1.0107,0.44285,0.0,2.3673278386589303,2.2132466100533157,-2.3509528115996314
774,1.3866369724273682,1.0107,0.44335,0.0,2.372738120512654,2.2072356132164415,-2.3615778814304327
775,1.3881797790527344,1.0107,0.44385,0.0,2.3746167871388644,2.2097175108777387,-2.365625614244411
776,1.3896963596343994,1.0107,0.44435,0.0,2.367329263252885,2.2029349357310157,-2.370298680681738
777,1.3912394046783447,1.0107,0.44485,0.0,2.3594724303020613,2.204921843994635,-2.3797442780636486
778,1.392747402191162,1.0107,0.44535,0.0,2.3618794858330765,2.2032089533850474,-2.381284923531884
779,1.3942503929138184,1.0107,0.44585,0.0,2.367262322440119,2.201450729439,-2.387224656189592
780,1.3957593441009521,1.0107,0.44636,0.0,2.358287677085442,2.1991068423890843,-2.3850107354001664
781,1.3972463607788086,1.0107,0.44686,0.0,2.356120717003955,2.2020231977960294,-2.385962930719853
782,1.3990263938903809,1.0107,0.44736,0.0,2.3542018797821864,2.2008853533911013,-2.394393676483417
783,1.4005484580993652,1.0107,0.44786,0.0,2.3643422191703025,2.2006159605488294,-2.3919293965176425
784,1.4020709991455078,1.0107,0.44836,0.0,2.3696200752275987,2.20096487115851,-2.387902251534378
785,1.4035930633544922,1.0107,0.44886,0.0,2.369009080753074,2.2047050601185707,-2.3932348288953302
786,1.4051265716552734,1.0107,0.44936,0.0,2.378116170722716,2.202193972342982,-2.3889349516708975
787,1.4066162109375,1.0107,0.44986,0.0,2.3825302755887816,2.1906187000652397,-2.375831067494949
788,1.40812087059021,1.0107,0.45036,0.0,2.374355097463015,2.1951702638093766,-2.3925226021096937
789,1.4096250534057617,1.0107,0.45086,0.0,2.372214408688022,2.201867259470021,-2.3910107019348077
790,1.411153793334961,1.0107,0.45136,0.0,2.377689325253569,2.2049526244773068,-2.395886973700589
791,1.4127676486968994,1.0107,0.45186,0.0,2.379793087436725,2.2041235658957117,-2.4020621816326773
792,1.4147331714630127,1.0107,0.45236,0.0,2.376591687622696,2.1936516656401133,-2.3952599308753997
793,1.4164087772369385,1.0107,0.45286,0.0,2.374837031425438,2.186554164234822,-2.4001124009407113
794,1.4179279804229736,1.0107,0.45336,0.0,2.352761247423538,2.186266662362553,-2.3871774636456147
795,1.419426679611206,1.0107,0.45386,0.0,2.3619198008689883,2.178939236951745,-2.393519034753548
796,1.420928716659546,1.0107,0.45436,0.0,2.3646715308011315,2.1804818202276013,-2.3874939040600456
797,1.4224262237548828,1.0107,0.45486,0.0,2.359579841366197,2.181424323284444,-2.3846278109011845
798,1.4239368438720703,1.0107,0.45536,0.0,2.360044542639722,2.1820857833447342,-2.390520172502599
799,1.4254252910614014,1.0107,0.45586,0.0,2.3579175754925714,2.1751671704135873,-2.3834927373526296
800,1.4275190830230713,1.0107,0.45636,0.0,2.353393906911208,2.1730481797293004,-2.3921933821665418
801,1.4293015003204346,1.0107,0.45686,0.0,2.3593073818662527,2.1732811875202103,-2.389645640310779
802,1.4309673309326172,1.0107,0.45737,0.0,2.3598864314610255,2.167897867392153,-2.3901348160844207
803,1.4328153133392334,1.0107,0.45787,0.0,2.360862845504956,2.1675960078904417,-2.3815861216511034
804,1.4350378513336182,1.0107,0.45837,0.0,2.3624539342051523,2.167162644157859,-2.387034007608769
805,1.4366230964660645,1.0107,0.45887,0.0,2.365322362138207,2.160852297171542,-2.3929830945910813
806,1.438157558441162,1.0107,0.45937,0.0,2.3583350960192417,2.1655045312019627,-2.3957256900289674
807,1.4396839141845703,1.0107,0.45987,0.0,2.3660100772455968,2.1634611997202327,-2.3903349100859863
808,1.4411823749542236,1.0107,0.46037,0.0,2.368627349059099,2.1615419198258077,-2.3855294893625083
809,1.4426913261413574,1.0107,0.46087,0.0,2.3559250033378,2.1665599906570736,-2.3853782316064676
810,1.4442036151885986,1.0107,0.46137,0.0,2.3599732511257008,2.1695943130326425,-2.379503583276003
811,1.445707082748413,1.0107,0.46187,0.0,2.3504248108979495,2.163695690027292,-2.3866254443520205
812,1.4471995830535889,1.0107,0.46237,0.0,2.3452425975440483,2.1583341283768624,-2.3996442789379584
813,1.448704719543457,1.0107,0.46287,0.0,2.3597613649083558,2.158550196937592,-2.3887783271398555
814,1.4502246379852295,1.0107,0.46337,0.0,2.3672912887029645,2.1699511110678262,-2.3802800463230303
815,1.451740026473999,1.0107,0.46387,0.0,2.37183285673849,2.172231773856794,-2.3721255132099595
816,1.4532313346862793,1.0107,0.46437,0.0,2.3717759306929898,2.181389431454368,-2.3796697178135995
817,1.4547264575958252,1.0107,0.46487,0.0,2.3785213413525277,2.180973151529732,-2.388496790203171
818,1.456223487854004,1.0107,0.46537,0.0,2.388156692654592,2.1808100989137937,-2.378989128821738
819,1.4577226638793945,1.0107,0.46587,0.0,2.3793404993810356,2.1697004902746926,-2.386455649573203
820,1.4592616558074951,1.0107,0.46637,0.0,2.3772862356386097,2.173790473491394,-2.373260732942399
821,1.4607694149017334,1.0107,0.46687,0.0,2.380355625427727,2.176189620700306,-2.3887048507542805
822,1.4622595310211182,1.0107,0.46737,0.0,2.372564359923608,2.17032660543991,-2.383610970082516
823,1.4637551307678223,1.0107,0.46787,0.0,2.3764630244847984,2.1776120682952476,-2.3837944177781
824,1.465346336364746,1.0108,0.46838,0.0,2.3694117837002917,2.176503112479337,-2.385777463231846
825,1.4673006534576416,1.0108,0.46888,0.0,2.3676444735046345,2.173723652789271,-2.39649045079581
826,1.4689898490905762,1.0108,0.46938,0.0,2.3729324509457728,2.17531246055997,-2.3874190447680497
827,1.4704954624176025,1.0108,0.46988,0.0,2.3704478148941663,2.1731349631760803,-2.387844285013234
828,1.4720091819763184,1.0108,0.47038,0.0,2.368992197859076,2.184159259410031,-2.3905049816150266
829,1.4735004901885986,1.0108,0.47088,0.0,2.3721297968975024,2.1932855291178,-2.381133754988474
830,1.4750092029571533,1.0108,0.47138,0.0,2.368428888045937,2.1864200552377455,-2.38048799731638
831,1.4765031337738037,1.0108,0.47188,0.0,2.346917369336907,2.183199813339378,-2.3756221051355224
832,1.4780340194702148,1.0108,0.47238,0.0,2.3483130688982237,2.1845218909641098,-2.374495440652601
833,1.4795544147491455,1.0108,0.47288,0.0,2.358820091809017,2.1853450101379064,-2.3677947769841796
834,1.4810593128204346,1.0108,0.47338,0.0,2.357545312744103,2.1865150622816603,-2.3538873439276293
835,1.4825503826141357,1.0108,0.47388,0.0,2.367606385595285,2.1907658100309844,-2.353784653128442
836,1.4840672016143799,1.0108,0.47438,0.0,2.366079179314399,2.1896828277917284,-2.3574886388404286
837,1.4855544567108154,1.0108,0.47488,0.0,2.3839387863920702,2.1948576325131635,-2.3633146155974925
838,1.4870686531066895,1.0108,0.47538,0.0,2.4012498533405986,2.19560484801802,-2.371965484862033
839,1.488555669784546,1.0108,0.47588,0.0,2.41636741670658,2.2074232319554477,-2.3739222178991533
840,1.4900524616241455,1.0108,0.47638,0.0,2.4314888998713724,2.2127481391585,-2.3668049667254816
841,1.4915368556976318,1.0108,0.47688,0.0,2.4409048589364404,2.2129397316507813,-2.3687940201497333
842,1.4936847686767578,1.0108,0.47738,0.0,2.445569010916463,2.2157579702971186,-2.3585877568546567
843,1.4957003593444824,1.0108,0.47788,0.0,2.4518482899774456,2.219104591587462,-2.3615287176338593
844,1.4977059364318848,1.0108,0.47838,0.0,2.4563821386128635,2.215681770191403,-2.3530474220776987
845,1.4992196559906006,1.0108,0.47888,0.0,2.453713637625924,2.22209237505448,-2.356143490897932
846,1.5007355213165283,1.0108,0.47939,0.0,2.451658347930342,2.224622633756828,-2.3589816648802633
847,1.5022351741790771,1.0108,0.47989,0.0,2.4463410080280688,2.2279052278552003,-2.3718704089340927
848,1.5037403106689453,1.0108,0.48039,0.0,2.4428039738941445,2.223009881769778,-2.3640220632216913
849,1.5052378177642822,1.0108,0.48089,0.0,2.4233757488130667,2.2166787059433446,-2.3853531678489484
850,1.5067403316497803,1.0108,0.48139,0.0,2.418975064510576,2.2148772558882706,-2.385568076057518
851,1.5082347393035889,1.0108,0.48189,0.0,2.4149231164650047,2.209344690026166,-2.3792859580555095
852,1.5097451210021973,1.0108,0.48239,0.0,2.4132637315102716,2.211797587294762,-2.393735758558172
853,1.5112411975860596,1.0108,0.48289,0.0,2.4091921142480746,2.2052258858116485,-2.383454307492238
854,1.5127379894256592,1.0108,0.48339,0.0,2.406633759518183,2.199825120980898,-2.377977156484458
855,1.5142295360565186,1.0108,0.48389,0.0,2.3939066150681434,2.197715422985383,-2.3909072655688104
856,1.515726089477539,1.0108,0.48439,0.0,2.3924260758488987,2.188724794407828,-2.392952685409796
857,1.517212152481079,1.0108,0.48489,0.0,2.393905131974693,2.1855302189582373,-2.3951092400622174
858,1.518796682357788,1.0108,0.48539,0.0,2.3854001370165383,2.1860753471717853,-2.3843280966785785
859,1.5207433700561523,1.0108,0.48589,0.0,2.378060045066512,2.1884311177635474,-2.3871469514088566
860,1.5224027633666992,1.0108,0.48639,0.0,2.369244117657708,2.1904196414678707,-2.3899093332763766
861,1.5239272117614746,1.0108,0.48689,0.0,2.3751196455278882,2.194495212783499,-2.380008975072456
862,1.5254333019256592,1.0108,0.48739,0.0,2.3852062105023273,2.1917321682981736,-2.378552784513231
863,1.5270333290100098,1.0108,0.48789,0.0,2.390401901276704,2.1955135585599526,-2.3739733077685603
864,1.5285382270812988,1.0108,0.48839,0.0,2.4056250117668734,2.2022351197788854,-2.379699360461602
865,1.5300557613372803,1.0108,0.48889,0.0,2.4106039940263746,2.200394014104689,-2.379884193432968
866,1.531555414199829,1.0108,0.48939,0.0,2.4049513983221082,2.2012799973990815,-2.3841958369623173
867,1.5330839157104492,1.0108,0.48989,0.0,2.4038542210974416,2.2025525083207453,-2.385584600759992
868,1.5351059436798096,1.0108,0.4904,0.0,2.4045398591400717,2.202126007482269,-2.391672494466779
869,1.5370326042175293,1.0108,0.4909,0.0,2.4107793216795392,2.1993894248448314,-2.391259995590006
870,1.5392591953277588,1.0108,0.4914,0.0,2.4068772593370427,2.2009341958275748,-2.3916097498945765
871,1.5408012866973877,1.0108,0.4919,0.0,2.409363585157013,2.2020664286923415,-2.3829463747376622
872,1.542353868484497,1.0108,0.4924,0.0,2.410647083717989,2.2036233260204714,-2.37835576803269
873,1.5438880920410156,1.0108,0.4929,0.0,2.4172909351349334,2.2051236723653154,-2.3880754921278586
874,1.5453827381134033,1.0108,0.4934,0.0,2.4073598447564164,2.205838857038263,-2.378910571480769
875,1.5468826293945312,1.0108,0.4939,0.0,2.4046268220249254,2.20866913449589,-2.382369213209368
876,1.5483660697937012,1.0108,0.4944,0.0,2.3993563807173057,2.2057224885218165,-2.373503460341095
877,1.5498619079589844,1.0108,0.4949,0.0,2.407523883597932,2.2090890549411726,-2.375767176280716
878,1.5513451099395752,1.0108,0.4954,0.0,2.4064172397242927,2.2053303528862354,-2.3722515871248233
879,1.5528364181518555,1.0108,0.4959,0.0,2.4177899437865085,2.2038888316715743,-2.3735132828124157
880,1.5543220043182373,1.0108,0.4964,0.0,2.411626972953042,2.2021131531188503,-2.3785363552239995
881,1.5558254718780518,1.0108,0.4969,0.0,2.39798462763422,2.1996171950494485,-2.377293192225891
882,1.5573077201843262,1.0108,0.4974,0.0,2.4011813726382663,2.2004716463615908,-2.3765053975070725
883,1.558805227279663,1.0108,0.4979,0.0,2.3965931326533405,2.2002782129429574,-2.3705530247036775
884,1.5602893829345703,1.0108,0.4984,0.0,2.4017937235461155,2.2037868239300726,-2.371360255046739
885,1.5617873668670654,1.0108,0.4989,0.0,2.4019659276569816,2.199931960455322,-2.37330742863599
886,1.563272476196289,1.0108,0.4994,0.0,2.400089939312443,2.194249918012956,-2.381901374602823
887,1.564765214920044,1.0108,0.4999,0.0,2.3959533781005566,2.194965375846762,-2.3746776310592748
888,1.5662505626678467,1.0108,0.5004,0.0,2.3949953422468755,2.193535892287144,-2.3774855238597117
889,1.5677399635314941,1.0108,0.5009,0.0,2.399691631372176,2.197783900076354,-2.3614679688075513
890,1.5692181587219238,1.0108,0.50141,0.0,2.3987494088789427,2.19574619348065,-2.369358427635987
891,1.5707097053527832,1.0108,0.50191,0.0,2.3989172555809333,2.1896487041016033,-2.3657441019679903
892,1.5722763538360596,1.0108,0.50241,0.0,2.397909582054523,2.1921643299318117,-2.3665574814332144
893,1.5741791725158691,1.0108,0.50291,0.0,2.397285759040442,2.192613732489017,-2.35434656515401
894,1.5759222507476807,1.0108,0.50341,0.0,2.3988772602687525,2.1984954308464273,-2.3606956570862314
895,1.577444076538086,1.0108,0.50391,0.0,2.400519932125201,2.1952670346974434,-2.349088748313389
896,1.5789685249328613,1.0108,0.50441,0.0,2.4042657478214715,2.196023013005112,-2.353925606332681
897,1.5804595947265625,1.0108,0.50491,0.0,2.407292332616593,2.2042160853201214,-2.349970946055165
898,1.5819573402404785,1.0108,0.50541,0.0,2.4126954534600555,2.200940176528486,-2.3568115951383417
899,1.5834593772888184,1.0108,0.50591,0.0,2.4273968814932383,2.204211161775462,-2.344357793215548
900,1.5855224132537842,1.0108,0.50641,0.0,2.4282841871551057,2.2083197701649686,-2.347418783325868
901,1.5870516300201416,1.0108,0.50691,0.0,2.4252397245152872,2.205017151471607,-2.348228015518687
902,1.5885529518127441,1.0108,0.50741,0.0,2.4154754815812827,2.1978573422505527,-2.3474579564535705
903,1.5903480052947998,1.0108,0.50791,0.0,2.404716418123937,2.1900836201808893,-2.347132502486109
904,1.592406988143921,1.0108,0.50841,0.0,2.4117744978864444,2.1911771658714865,-2.3494382718935265
905,1.5942144393920898,1.0108,0.50891,0.0,2.397991625077318,2.198064249338988,-2.3593368954431764
906,1.5957343578338623,1.0108,0.50941,0.0,2.3915358029451603,2.198262240353554,-2.3599361056602013
907,1.5972304344177246,1.0108,0.50991,0.0,2.4014992104912287,2.201692673807824,-2.351045767580052
908,1.5987493991851807,1.0108,0.51041,0.0,2.3968852817493866,2.202544768395416,-2.346189763128805
909,1.600245714187622,1.0108,0.51091,0.0,2.391274988583869,2.2007493732262704,-2.3428548107362004
910,1.601743459701538,1.0108,0.51141,0.0,2.378124211241918,2.1866382727124845,-2.3554986263671007
911,1.6032326221466064,1.0108,0.51191,0.0,2.3704562426466422,2.183539368247841,-2.355528032059002
912,1.6047413349151611,1.0108,0.51242,0.0,2.3742311794229245,2.1895954363136316,-2.3449997938094542
913,1.606229543685913,1.0108,0.51292,0.0,2.378167919019925,2.1958951938635,-2.3475654182666212
914,1.6077501773834229,1.0108,0.51342,0.0,2.371705572843725,2.2002568364809365,-2.3580285275405997
915,1.6092445850372314,1.0108,0.51392,0.0,2.366305067432847,2.1996101629033413,-2.3519607456724847
916,1.6107442378997803,1.0108,0.51442,0.0,2.358263967170839,2.202383289045964,-2.3554413756280157
917,1.6122324466705322,1.0108,0.51492,0.0,2.3534051370128712,2.19789727764734,-2.3590950192510505
918,1.6137416362762451,1.0108,0.51542,0.0,2.353292885202729,2.192370215542969,-2.351516296520065
919,1.6152372360229492,1.0108,0.51592,0.0,2.367271958992881,2.192048208100279,-2.3561265543533487
920,1.6167316436767578,1.0108,0.51642,0.0,2.37857235342389,2.1833243408526624,-2.3556896076937406
921,1.6182162761688232,1.0108,0.51692,0.0,2.3860879493709013,2.1840504281079878,-2.3470303642528223
922,1.619706153869629,1.0108,0.51742,0.0,2.3807674667664367,2.1873176469959663,-2.3605404038815743
923,1.6211893558502197,1.0108,0.51792,0.0,2.3766468396916434,2.1797073632889057,-2.3502131899566097
924,1.6226963996887207,1.0108,0.51842,0.0,2.3681405111483764,2.177358531953631,-2.360383981197228
925,1.6242022514343262,1.0108,0.51892,0.0,2.369630769175733,2.17724031899298,-2.359988707897756
926,1.6257948875427246,1.0108,0.51942,0.0,2.3696213429692197,2.179492518669204,-2.355227997048239
927,1.6277432441711426,1.0108,0.51992,0.0,2.3642395042838005,2.179976507899261,-2.366768603794844
928,1.6294374465942383,1.0108,0.52042,0.0,2.3615651950575343,2.1806822120241556,-2.3604290558094747
929,1.6309630870819092,1.0108,0.52092,0.0,2.354824589702721,2.1848391743130886,-2.3548690640489345
930,1.632462739944458,1.0108,0.52142,0.0,2.3606826680717474,2.1786753897656257,-2.35941517466383
931,1.6339776515960693,1.0108,0.52192,0.0,2.363099327651974,2.1823065694317143,-2.3609893105671675
932,1.6354660987854004,1.0108,0.52242,0.0,2.362114801055986,2.18443835967089,-2.353731172635102
933,1.6369695663452148,1.0108,0.52292,0.0,2.3606768716222755,2.1890786356567373,-2.34727856754264
934,1.6384615898132324,1.0109,0.52343,0.0,2.358351996761069,2.189149393348968,-2.3423962958528755
935,1.6399667263031006,1.0109,0.52393,0.0,2.357780208652476,2.1874122662635647,-2.356026561256863
936,1.6414811611175537,1.0109,0.52443,0.0,2.3556582927224703,2.1874117224561465,-2.3589209312402533
937,1.642995834350586,1.0109,0.52493,0.0,2.356971394017154,2.1894997347420144,-2.3493210068873855
938,1.644486427307129,1.0109,0.52543,0.0,2.3470018908294032,2.1849183732301207,-2.360844050535173
939,1.646059274673462,1.0109,0.52593,0.0,2.3444502979047885,2.186845821071382,-2.3611201352815283
940,1.647702932357788,1.0109,0.52643,0.0,2.34522443201787,2.1852802599902437,-2.3526539637426467
941,1.649207353591919,1.0109,0.52693,0.0,2.347460116401174,2.1909948508121473,-2.3533676036875524
942,1.6507136821746826,1.0109,0.52743,0.0,2.341625828053581,2.1891777352646202,-2.3610016947344046
943,1.6523487567901611,1.0109,0.52793,0.0,2.337286022880107,2.1904459949136093,-2.3584048762772367
944,1.6538619995117188,1.0109,0.52843,0.0,2.3507014527698744,2.1874064878101627,-2.364438832264877
945,1.6553840637207031,1.0109,0.52893,0.0,2.356701078693164,2.1758387016666423,-2.3647354275473043
946,1.6568901538848877,1.0109,0.52943,0.0,2.3623254663099726,2.177773337738834,-2.350479609027751
947,1.6583828926086426,1.0109,0.52993,0.0,2.359022122352645,2.1843790429679038,-2.357018996605845
948,1.6598851680755615,1.0109,0.53043,0.0,2.3608153526036313,2.1833800529949454,-2.362359731514433
949,1.661388874053955,1.0109,0.53093,0.0,2.3576820641457377,2.1774867371177034,-2.357428375425154
950,1.6634259223937988,1.0109,0.53143,0.0,2.36734282389459,2.187850979126962,-2.357161053120889
951,1.6653785705566406,1.0109,0.53193,0.0,2.3705936719214846,2.1836574133058892,-2.350021352400164
952,1.6676342487335205,1.0109,0.53243,0.0,2.378861531693029,2.1899001451090627,-2.345065754609937
953,1.6691842079162598,1.0109,0.53293,0.0,2.3695894899874412,2.1937392253947565,-2.3447701805316896
954,1.6707096099853516,1.0109,0.53343,0.0,2.3584345298356006,2.1914465408360946,-2.35512273447166
955,1.6722815036773682,1.0109,0.53393,0.0,2.3538398112896153,2.1859584836534487,-2.3540301492951157
956,1.6738617420196533,1.0109,0.53444,0.0,2.356663940277282,2.1833159683436487,-2.3532161801903935
957,1.6754729747772217,1.0109,0.53494,0.0,2.349470092448482,2.1794526314547116,-2.3448810857076823
958,1.6770050525665283,1.0109,0.53544,0.0,2.3558815637411437,2.1804094103107894,-2.347646638305197
959,1.6785919666290283,1.0109,0.53594,0.0,2.350588556919026,2.174948236691018,-2.3541010448275985
960,1.680535078048706,1.0109,0.53644,0.0,2.3491615943102095,2.1695539240480497,-2.359886901949701
961,1.6822090148925781,1.0109,0.53694,0.0,2.357420996449442,2.174711549799372,-2.3645836157039244
962,1.6837399005889893,1.0109,0.53744,0.0,2.370142985846552,2.1779599301623085,-2.3537846920500414
963,1.6852445602416992,1.0109,0.53794,0.0,2.379145202793737,2.1831347944824318,-2.353772257604933
964,1.6867496967315674,1.0109,0.53844,0.0,2.376564587753625,2.187829394319067,-2.3527478223669425
965,1.6882472038269043,1.0109,0.53894,0.0,2.3780970593443507,2.1980535684860514,-2.344557981423442
966,1.689758539199829,1.0109,0.53944,0.0,2.3674682818940367,2.195137764252271,-2.356417979142417
967,1.691251277923584,1.0109,0.53994,0.0,2.3687036270179505,2.196808310466024,-2.3564507715681993
968,1.6927406787872314,1.0109,0.54044,0.0,2.3848915200024625,2.197291054155149,-2.3602514593921273
969,1.6948487758636475,1.0109,0.54094,0.0,2.374568117829103,2.1995281744192217,-2.3499866175872968
970,1.6972837448120117,1.0109,0.54144,0.0,2.373593136390132,2.1965054992566224,-2.352934598661462
971,1.6996331214904785,1.0109,0.54194,0.0,2.3669218822237945,2.195352895417893,-2.362458391075827
972,1.7020061016082764,1.0109,0.54244,0.0,2.357775072496026,2.205038018830882,-2.350774013499576
973,1.7044038772583008,1.0109,0.54294,0.0,2.3600684430635908,2.207272781264437,-2.362705094656383
974,1.7068543434143066,1.0109,0.54344,0.0,2.362005441936202,2.2050956350162494,-2.352882990715848
975,1.7092604637145996,1.0109,0.54394,0.0,2.3652028205717324,2.1912806083415806,-2.3611173684862
976,1.711254358291626,1.0109,0.54444,0.0,2.367677421236915,2.1985328232669263,-2.3494012781280076
977,1.7128093242645264,1.0109,0.54494,0.0,2.3673811213139255,2.2078567393938537,-2.3533320047254405
978,1.7143383026123047,1.0109,0.54545,0.0,2.351203288090122,2.2093350363562245,-2.3549628042451376
979,1.7158689498901367,1.0109,0.54595,0.0,2.3489678084731445,2.204842857683388,-2.3501880525886985
980,1.7174293994903564,1.0109,0.54645,0.0,2.3509016478185765,2.202243110525909,-2.3448599289500414
981,1.7189879417419434,1.0109,0.54695,0.0,2.341817182388962,2.198194608379665,-2.354867899953854
982,1.7204921245574951,1.0109,0.54745,0.0,2.3477159369434935,2.198594499443116,-2.3626557503100636
983,1.72206711769104,1.0109,0.54795,0.0,2.355081312593071,2.198822336978744,-2.348774524474086
984,1.7235727310180664,1.0109,0.54845,0.0,2.367869415446966,2.1994964007850664,-2.3450054391493924
985,1.7250885963439941,1.0109,0.54895,0.0,2.3729023429580045,2.2010182360664516,-2.346709882750762
986,1.7266640663146973,1.0109,0.54945,0.0,2.385169536239772,2.1974760071108466,-2.3655730140071025
987,1.7282483577728271,1.0109,0.54995,0.0,2.3772108085579555,2.193082961421554,-2.3587288069093004
988,1.7297687530517578,1.0109,0.55045,0.0,2.370470593795747,2.1893311210633923,-2.3606350210899145
989,1.7313458919525146,1.0109,0.55095,0.0,2.3702465782602435,2.1871687012001026,-2.360032260595171
990,1.7332777976989746,1.0109,0.55145,0.0,2.3626759788111236,2.185983834105382,-2.363763634716729
991,1.7349703311920166,1.0109,0.55195,0.0,2.3644970759458515,2.1817484457268765,-2.356313583981682
992,1.736501932144165,1.0109,0.55245,0.0,2.362042822976451,2.1792627702977216,-2.3442757137236936
993,1.7380211353302002,1.0109,0.55295,0.0,2.3618278952083007,2.178084414184633,-2.358570486910453
994,1.7395119667053223,1.0109,0.55345,0.0,2.353384969584945,2.1785010643204643,-2.3652830471222956
995,1.7410333156585693,1.0109,0.55395,0.0,2.351513412047092,2.173101310248092,-2.3619938891537826
996,1.7425227165222168,1.0109,0.55445,0.0,2.3542870187184843,2.178966979935237,-2.3596628109046303
997,1.7440605163574219,1.0109,0.55495,0.0,2.3500025986849677,2.179955017026531,-2.354922255296967
998,1.7455668449401855,1.0109,0.55545,0.0,2.3500938773174713,2.18530151816303,-2.3370564938945315
999,1.7471015453338623,1.0109,0.55595,0.0,2.359817380232481,2.1887170256762967,-2.3591075939965767
